shared_url,id/url,text,n_likes,n_replies,total,url_id
https://youtu.be/Axcjv9YqYns,https://www.youtube.com/watch?v=UvsHWTGHmts,Disney Officially Rehires Johnny Depp After Case With Amber Heard!!! https://youtu.be/Axcjv9YqYns,2174.0,82.0,2256.0,youtube_comments_4_months_0
https://youtu.be/dJe8bl_BLDE,https://www.youtube.com/watch?v=gEfWUbRfFR8,"WATCH NEXT ًں‘‡

Amber Heard Faces Prison After Thisâ€¦
https://youtu.be/dJe8bl_BLDE",644.0,29.0,673.0,youtube_comments_4_months_1
https://www.youtube.com/watch?v=xCe6qh5kZ8Q,https://www.youtube.com/watch?v=Gq5uItRcKlo,How much prison time do you think she deserves for this? Click here for an update ًں‘‰ https://www.youtube.com/watch?v=xCe6qh5kZ8Q,408.0,159.0,567.0,youtube_comments_4_months_2
https://ko-fi.com/irisbabilonia,https://www.youtube.com/watch?v=ESp6yvC3AxA,"Il video أ¨ demonetizzato.
Vado a piangere in un angolino.

(Vi ricordo che se volete sostenere un canale, potete offrirmi un caffأ¨ virtuale qui: https://ko-fi.com/irisbabilonia âک•ï¸ڈ corretto, grazie)",509.0,35.0,544.0,youtube_comments_4_months_3
https://www.change.org/p/dc-entertainment-remove-amber-heard-from-aquaman-2?redirect=false,https://www.youtube.com/watch?v=gECq8x8b6bo,"Amber needs to immediately lose her roles 
*PLEASE SIGN PETITIONS TO GET HER REMOVED FROM THE ROLES.*

https://www.change.org/p/dc-entertainment-remove-amber-heard-from-aquaman-2?redirect=false

Edit :thank u to everyone who have already signed petitions this could seriously make a difference.


Edit: while I was online I also found a petitions which said that people want amber to remain in the role and are saying she is innocent. I am not sure if this is old or new.",409.0,16.0,425.0,youtube_comments_4_months_4
https://youtu.be/gEfWUbRfFR8,https://www.youtube.com/watch?v=siGE-fVUHG4,"WATCH NEXT ًں‘‡

How Amber Heard Destroyed Her Own Career
https://youtu.be/gEfWUbRfFR8",336.0,24.0,360.0,youtube_comments_4_months_5
https://www.google.com/amp/s/www.throwbacks.com/whats-eating-gilbert-grape-facts/amp/,https://www.youtube.com/watch?v=tybOcw3gQzc,"I remember on the set of â€œWhatâ€™s Eating Gilbert Grapeâ€‌, Johnny constantly apologized to Ms. Darlene Cates for saying derogatory and mean scripted things to her. Then I found this article that has reiterated his kind heart. Someone who apologizes for something they are scripted to say, does not turn in to an abuser. Just saying! 

https://www.google.com/amp/s/www.throwbacks.com/whats-eating-gilbert-grape-facts/amp/",287.0,14.0,301.0,youtube_comments_4_months_6
https://clik.cc/0Lrol,https://www.youtube.com/watch?v=KRL3B9d7J9U,"Holy Shit, I Can't Believe The Madman Pulled It Off!  Please Consider Subscribing Today!  I Could Use Your Help!  Install Raid for Free âœ… Mobile and PC: https://clik.cc/0Lrol and get a special starter pack ًں’¥ Available only for the next 30 days!",223.0,34.0,257.0,youtube_comments_4_months_7
https://thld.co/BLUblox_thequarteringmar,https://www.youtube.com/watch?v=SnBP4ZyETD0,OOPS!  Get Your BLUblox Here: https://thld.co/BLUblox_thequarteringmar,195.0,27.0,222.0,youtube_comments_4_months_8
https://www.bit.ly/valenentropia,https://www.youtube.com/watch?v=yxNL3uo7l_0,"ًں’•ACUأ‰RDENSEًں’• de que pueden apoyarme econأ³micamente y para continuar con el canal y ganar dinero ustedes simplemente descargأ،ndose Brave desde este link (solo desde este link) y empezando a usarlo: https://www.bit.ly/valenentropia آ؟Cأ“MO SE EMPIEZA A GANAR DINERO EN BRAVE? Activando los ""Brave Rewards"" en el sأ­mbolo de Brave arriba a la derecha, al lado de la barra de direcciones del navegador. Luego, creأ،ndote una cuenta en el monedero virtual ""Uphold"" (que es tan fiable como Brave y yo lo uso desde hace un montأ³n), y a partir de ahأ­, pueden empezar a pasar los BATS que ganan en Brave a su monedero de Uphold en su moneda local y luego meterlo en tu cuenta bancaria â‌¤ï¸ڈ Es super seguro y tambiأ©n pueden buscar en internet con mأ،s detalle como hacerlo. Yo cobro lo que Brave me paga haciendo lo mismo ًںک‰ آ،Muchas gracias chicos! آ،En serio! No se hacen una idea de lo que me ayudan descargأ،ndose Brave desde mi link. Esos son mis pollos â‌¤ï¸ڈ

LINK DE DESCARGA: https://www.bit.ly/valenentropia",210.0,9.0,219.0,youtube_comments_4_months_9
https://www.bit.ly/valenentropia,https://www.youtube.com/watch?v=yxNL3uo7l_0,"ًں’•ACUأ‰RDENSEًں’• de que pueden apoyarme econأ³micamente y para continuar con el canal y ganar dinero ustedes simplemente descargأ،ndose Brave desde este link (solo desde este link) y empezando a usarlo: https://www.bit.ly/valenentropia آ؟Cأ“MO SE EMPIEZA A GANAR DINERO EN BRAVE? Activando los ""Brave Rewards"" en el sأ­mbolo de Brave arriba a la derecha, al lado de la barra de direcciones del navegador. Luego, creأ،ndote una cuenta en el monedero virtual ""Uphold"" (que es tan fiable como Brave y yo lo uso desde hace un montأ³n), y a partir de ahأ­, pueden empezar a pasar los BATS que ganan en Brave a su monedero de Uphold en su moneda local y luego meterlo en tu cuenta bancaria â‌¤ï¸ڈ Es super seguro y tambiأ©n pueden buscar en internet con mأ،s detalle como hacerlo. Yo cobro lo que Brave me paga haciendo lo mismo ًںک‰ آ،Muchas gracias chicos! آ،En serio! No se hacen una idea de lo que me ayudan descargأ،ndose Brave desde mi link. Esos son mis pollos â‌¤ï¸ڈ

LINK DE DESCARGA: https://www.bit.ly/valenentropia",210.0,9.0,219.0,youtube_comments_4_months_9
https://www.youtube.com/channel/UCg0C-N_MPYYOXyF4T3jMxNQ,https://www.youtube.com/watch?v=oDiMosnYMU4,"Hey there - this is the person Team Amber Heard threatened to sue! Incredibly Average. He does the BEST videos on this subjec,t hands down https://www.youtube.com/channel/UCg0C-N_MPYYOXyF4T3jMxNQ make sure to check his material - he is the person that made me look depper after Yellow Flash noted how messed up this was.",185.0,22.0,207.0,youtube_comments_4_months_10
https://t.co/yWkf2d2APp?amp=1,https://www.youtube.com/watch?v=L4xLhQQHsRo,"Let me know what you think!

ًں’• Don't Forget to Like & Subscribe! ًں’•

âک†Other Platformsâک†

â€¢Odyssey:
https://t.co/yWkf2d2APp?amp=1

â€¢Rumble:
https://referral.rumble.com/dszVtP5hNXYLXqL89

â€¢Backup Channel:
https://www.youtube.com/channel/UCt4dtZ67qO3xWQSImQjRnJA

â€¢Bitchute Channel:
https://www.bitchute.com/channel/a3WbPaAzRKWN/

âک†Support The Channelâک†

â€¢Become a member today!!
https://www.youtube.com/channel/UC8AGq7bm-x4teGcvQonvnPw/join

â€¢If you want to support my Channel, please check out my patreon And subscribe star below:

â€¢Patreon:
https://www.patreon.com/user?u=21542407

â€¢Subscribe star:
https://www.subscribestar.com/nerdettesnewsstand",24.0,175.0,199.0,youtube_comments_4_months_11
https://referral.rumble.com/dszVtP5hNXYLXqL89,https://www.youtube.com/watch?v=L4xLhQQHsRo,"Let me know what you think!

ًں’• Don't Forget to Like & Subscribe! ًں’•

âک†Other Platformsâک†

â€¢Odyssey:
https://t.co/yWkf2d2APp?amp=1

â€¢Rumble:
https://referral.rumble.com/dszVtP5hNXYLXqL89

â€¢Backup Channel:
https://www.youtube.com/channel/UCt4dtZ67qO3xWQSImQjRnJA

â€¢Bitchute Channel:
https://www.bitchute.com/channel/a3WbPaAzRKWN/

âک†Support The Channelâک†

â€¢Become a member today!!
https://www.youtube.com/channel/UC8AGq7bm-x4teGcvQonvnPw/join

â€¢If you want to support my Channel, please check out my patreon And subscribe star below:

â€¢Patreon:
https://www.patreon.com/user?u=21542407

â€¢Subscribe star:
https://www.subscribestar.com/nerdettesnewsstand",24.0,175.0,199.0,youtube_comments_4_months_11
https://www.youtube.com/channel/UCt4dtZ67qO3xWQSImQjRnJA,https://www.youtube.com/watch?v=L4xLhQQHsRo,"Let me know what you think!

ًں’• Don't Forget to Like & Subscribe! ًں’•

âک†Other Platformsâک†

â€¢Odyssey:
https://t.co/yWkf2d2APp?amp=1

â€¢Rumble:
https://referral.rumble.com/dszVtP5hNXYLXqL89

â€¢Backup Channel:
https://www.youtube.com/channel/UCt4dtZ67qO3xWQSImQjRnJA

â€¢Bitchute Channel:
https://www.bitchute.com/channel/a3WbPaAzRKWN/

âک†Support The Channelâک†

â€¢Become a member today!!
https://www.youtube.com/channel/UC8AGq7bm-x4teGcvQonvnPw/join

â€¢If you want to support my Channel, please check out my patreon And subscribe star below:

â€¢Patreon:
https://www.patreon.com/user?u=21542407

â€¢Subscribe star:
https://www.subscribestar.com/nerdettesnewsstand",24.0,175.0,199.0,youtube_comments_4_months_11
https://www.bitchute.com/channel/a3WbPaAzRKWN/,https://www.youtube.com/watch?v=L4xLhQQHsRo,"Let me know what you think!

ًں’• Don't Forget to Like & Subscribe! ًں’•

âک†Other Platformsâک†

â€¢Odyssey:
https://t.co/yWkf2d2APp?amp=1

â€¢Rumble:
https://referral.rumble.com/dszVtP5hNXYLXqL89

â€¢Backup Channel:
https://www.youtube.com/channel/UCt4dtZ67qO3xWQSImQjRnJA

â€¢Bitchute Channel:
https://www.bitchute.com/channel/a3WbPaAzRKWN/

âک†Support The Channelâک†

â€¢Become a member today!!
https://www.youtube.com/channel/UC8AGq7bm-x4teGcvQonvnPw/join

â€¢If you want to support my Channel, please check out my patreon And subscribe star below:

â€¢Patreon:
https://www.patreon.com/user?u=21542407

â€¢Subscribe star:
https://www.subscribestar.com/nerdettesnewsstand",24.0,175.0,199.0,youtube_comments_4_months_11
https://www.youtube.com/channel/UC8AGq7bm-x4teGcvQonvnPw/join,https://www.youtube.com/watch?v=L4xLhQQHsRo,"Let me know what you think!

ًں’• Don't Forget to Like & Subscribe! ًں’•

âک†Other Platformsâک†

â€¢Odyssey:
https://t.co/yWkf2d2APp?amp=1

â€¢Rumble:
https://referral.rumble.com/dszVtP5hNXYLXqL89

â€¢Backup Channel:
https://www.youtube.com/channel/UCt4dtZ67qO3xWQSImQjRnJA

â€¢Bitchute Channel:
https://www.bitchute.com/channel/a3WbPaAzRKWN/

âک†Support The Channelâک†

â€¢Become a member today!!
https://www.youtube.com/channel/UC8AGq7bm-x4teGcvQonvnPw/join

â€¢If you want to support my Channel, please check out my patreon And subscribe star below:

â€¢Patreon:
https://www.patreon.com/user?u=21542407

â€¢Subscribe star:
https://www.subscribestar.com/nerdettesnewsstand",24.0,175.0,199.0,youtube_comments_4_months_11
https://www.patreon.com/user?u=21542407,https://www.youtube.com/watch?v=L4xLhQQHsRo,"Let me know what you think!

ًں’• Don't Forget to Like & Subscribe! ًں’•

âک†Other Platformsâک†

â€¢Odyssey:
https://t.co/yWkf2d2APp?amp=1

â€¢Rumble:
https://referral.rumble.com/dszVtP5hNXYLXqL89

â€¢Backup Channel:
https://www.youtube.com/channel/UCt4dtZ67qO3xWQSImQjRnJA

â€¢Bitchute Channel:
https://www.bitchute.com/channel/a3WbPaAzRKWN/

âک†Support The Channelâک†

â€¢Become a member today!!
https://www.youtube.com/channel/UC8AGq7bm-x4teGcvQonvnPw/join

â€¢If you want to support my Channel, please check out my patreon And subscribe star below:

â€¢Patreon:
https://www.patreon.com/user?u=21542407

â€¢Subscribe star:
https://www.subscribestar.com/nerdettesnewsstand",24.0,175.0,199.0,youtube_comments_4_months_11
https://www.subscribestar.com/nerdettesnewsstand,https://www.youtube.com/watch?v=L4xLhQQHsRo,"Let me know what you think!

ًں’• Don't Forget to Like & Subscribe! ًں’•

âک†Other Platformsâک†

â€¢Odyssey:
https://t.co/yWkf2d2APp?amp=1

â€¢Rumble:
https://referral.rumble.com/dszVtP5hNXYLXqL89

â€¢Backup Channel:
https://www.youtube.com/channel/UCt4dtZ67qO3xWQSImQjRnJA

â€¢Bitchute Channel:
https://www.bitchute.com/channel/a3WbPaAzRKWN/

âک†Support The Channelâک†

â€¢Become a member today!!
https://www.youtube.com/channel/UC8AGq7bm-x4teGcvQonvnPw/join

â€¢If you want to support my Channel, please check out my patreon And subscribe star below:

â€¢Patreon:
https://www.patreon.com/user?u=21542407

â€¢Subscribe star:
https://www.subscribestar.com/nerdettesnewsstand",24.0,175.0,199.0,youtube_comments_4_months_11
https://youtu.be/dSc3mLiOpmI,https://www.youtube.com/watch?v=2HnmzNUOI6U,"UPDATE: Hi everyone, just wanted to add an update that since publishing this video it has said by someone at The Hollywood Reporter that Amber Heard has not been fired from Aquaman. I will change the title to reflect that and add a note updating to my community tab as well.

Happy Monday, Defenders! Hope you have an amazing week. By the way, did you know Armadillo shells are bulletproof? :0 Here's an extra video for you https://youtu.be/dSc3mLiOpmI love you XD",168.0,12.0,180.0,youtube_comments_4_months_12
https://thld.co/SHEATH_thequartering,https://www.youtube.com/watch?v=TSVA_jz3KX8,"Make Sure To Leave A Like, A Comment & Subscribe!  I Need Your Support!  Also Keep Your Balls Cool & Comfortable With Sheath!  https://thld.co/SHEATH_thequartering",120.0,41.0,161.0,youtube_comments_4_months_13
https://twitter.com/adam_waldman/status/1347575533693931521,https://www.youtube.com/watch?v=btxFY3vWhNQ,"A correspondence with ACLU was published today, proving that Elon Musk was in fact donating in her name. 
https://twitter.com/adam_waldman/status/1347575533693931521",129.0,11.0,140.0,youtube_comments_4_months_14
https://t.co/yWkf2d2APp?amp=1,https://www.youtube.com/watch?v=5ahVdkkYz_k,"Please do not send any hate to Bianca Butti, she's a survivor and deserves none, but Amber Heard on the other hand... thats another story! Let me know what you think!

ًں’• Don't Forget to Like & Subscribe! ًں’•

âک†Other Platformsâک†

â€¢Odyssey:
https://t.co/yWkf2d2APp?amp=1

â€¢Rumble:
https://referral.rumble.com/dszVtP5hNXYLXqL89

â€¢Backup Channel:
https://www.youtube.com/channel/UCt4dtZ67qO3xWQSImQjRnJA

â€¢Bitchute Channel:
https://www.bitchute.com/channel/a3WbPaAzRKWN/

âک†Support The Channelâک†

â€¢Become a member today!!
https://www.youtube.com/channel/UC8AGq7bm-x4teGcvQonvnPw/join

â€¢If you want to support my Channel, please check out my patreon And subscribe star below:

â€¢Patreon:
https://www.patreon.com/user?u=21542407

â€¢Subscribe star:
https://www.subscribestar.com/nerdettesnewsstand",111.0,17.0,128.0,youtube_comments_4_months_15
https://referral.rumble.com/dszVtP5hNXYLXqL89,https://www.youtube.com/watch?v=5ahVdkkYz_k,"Please do not send any hate to Bianca Butti, she's a survivor and deserves none, but Amber Heard on the other hand... thats another story! Let me know what you think!

ًں’• Don't Forget to Like & Subscribe! ًں’•

âک†Other Platformsâک†

â€¢Odyssey:
https://t.co/yWkf2d2APp?amp=1

â€¢Rumble:
https://referral.rumble.com/dszVtP5hNXYLXqL89

â€¢Backup Channel:
https://www.youtube.com/channel/UCt4dtZ67qO3xWQSImQjRnJA

â€¢Bitchute Channel:
https://www.bitchute.com/channel/a3WbPaAzRKWN/

âک†Support The Channelâک†

â€¢Become a member today!!
https://www.youtube.com/channel/UC8AGq7bm-x4teGcvQonvnPw/join

â€¢If you want to support my Channel, please check out my patreon And subscribe star below:

â€¢Patreon:
https://www.patreon.com/user?u=21542407

â€¢Subscribe star:
https://www.subscribestar.com/nerdettesnewsstand",111.0,17.0,128.0,youtube_comments_4_months_15
https://www.youtube.com/channel/UCt4dtZ67qO3xWQSImQjRnJA,https://www.youtube.com/watch?v=5ahVdkkYz_k,"Please do not send any hate to Bianca Butti, she's a survivor and deserves none, but Amber Heard on the other hand... thats another story! Let me know what you think!

ًں’• Don't Forget to Like & Subscribe! ًں’•

âک†Other Platformsâک†

â€¢Odyssey:
https://t.co/yWkf2d2APp?amp=1

â€¢Rumble:
https://referral.rumble.com/dszVtP5hNXYLXqL89

â€¢Backup Channel:
https://www.youtube.com/channel/UCt4dtZ67qO3xWQSImQjRnJA

â€¢Bitchute Channel:
https://www.bitchute.com/channel/a3WbPaAzRKWN/

âک†Support The Channelâک†

â€¢Become a member today!!
https://www.youtube.com/channel/UC8AGq7bm-x4teGcvQonvnPw/join

â€¢If you want to support my Channel, please check out my patreon And subscribe star below:

â€¢Patreon:
https://www.patreon.com/user?u=21542407

â€¢Subscribe star:
https://www.subscribestar.com/nerdettesnewsstand",111.0,17.0,128.0,youtube_comments_4_months_15
https://www.bitchute.com/channel/a3WbPaAzRKWN/,https://www.youtube.com/watch?v=5ahVdkkYz_k,"Please do not send any hate to Bianca Butti, she's a survivor and deserves none, but Amber Heard on the other hand... thats another story! Let me know what you think!

ًں’• Don't Forget to Like & Subscribe! ًں’•

âک†Other Platformsâک†

â€¢Odyssey:
https://t.co/yWkf2d2APp?amp=1

â€¢Rumble:
https://referral.rumble.com/dszVtP5hNXYLXqL89

â€¢Backup Channel:
https://www.youtube.com/channel/UCt4dtZ67qO3xWQSImQjRnJA

â€¢Bitchute Channel:
https://www.bitchute.com/channel/a3WbPaAzRKWN/

âک†Support The Channelâک†

â€¢Become a member today!!
https://www.youtube.com/channel/UC8AGq7bm-x4teGcvQonvnPw/join

â€¢If you want to support my Channel, please check out my patreon And subscribe star below:

â€¢Patreon:
https://www.patreon.com/user?u=21542407

â€¢Subscribe star:
https://www.subscribestar.com/nerdettesnewsstand",111.0,17.0,128.0,youtube_comments_4_months_15
https://www.youtube.com/channel/UC8AGq7bm-x4teGcvQonvnPw/join,https://www.youtube.com/watch?v=5ahVdkkYz_k,"Please do not send any hate to Bianca Butti, she's a survivor and deserves none, but Amber Heard on the other hand... thats another story! Let me know what you think!

ًں’• Don't Forget to Like & Subscribe! ًں’•

âک†Other Platformsâک†

â€¢Odyssey:
https://t.co/yWkf2d2APp?amp=1

â€¢Rumble:
https://referral.rumble.com/dszVtP5hNXYLXqL89

â€¢Backup Channel:
https://www.youtube.com/channel/UCt4dtZ67qO3xWQSImQjRnJA

â€¢Bitchute Channel:
https://www.bitchute.com/channel/a3WbPaAzRKWN/

âک†Support The Channelâک†

â€¢Become a member today!!
https://www.youtube.com/channel/UC8AGq7bm-x4teGcvQonvnPw/join

â€¢If you want to support my Channel, please check out my patreon And subscribe star below:

â€¢Patreon:
https://www.patreon.com/user?u=21542407

â€¢Subscribe star:
https://www.subscribestar.com/nerdettesnewsstand",111.0,17.0,128.0,youtube_comments_4_months_15
https://www.patreon.com/user?u=21542407,https://www.youtube.com/watch?v=5ahVdkkYz_k,"Please do not send any hate to Bianca Butti, she's a survivor and deserves none, but Amber Heard on the other hand... thats another story! Let me know what you think!

ًں’• Don't Forget to Like & Subscribe! ًں’•

âک†Other Platformsâک†

â€¢Odyssey:
https://t.co/yWkf2d2APp?amp=1

â€¢Rumble:
https://referral.rumble.com/dszVtP5hNXYLXqL89

â€¢Backup Channel:
https://www.youtube.com/channel/UCt4dtZ67qO3xWQSImQjRnJA

â€¢Bitchute Channel:
https://www.bitchute.com/channel/a3WbPaAzRKWN/

âک†Support The Channelâک†

â€¢Become a member today!!
https://www.youtube.com/channel/UC8AGq7bm-x4teGcvQonvnPw/join

â€¢If you want to support my Channel, please check out my patreon And subscribe star below:

â€¢Patreon:
https://www.patreon.com/user?u=21542407

â€¢Subscribe star:
https://www.subscribestar.com/nerdettesnewsstand",111.0,17.0,128.0,youtube_comments_4_months_15
https://www.subscribestar.com/nerdettesnewsstand,https://www.youtube.com/watch?v=5ahVdkkYz_k,"Please do not send any hate to Bianca Butti, she's a survivor and deserves none, but Amber Heard on the other hand... thats another story! Let me know what you think!

ًں’• Don't Forget to Like & Subscribe! ًں’•

âک†Other Platformsâک†

â€¢Odyssey:
https://t.co/yWkf2d2APp?amp=1

â€¢Rumble:
https://referral.rumble.com/dszVtP5hNXYLXqL89

â€¢Backup Channel:
https://www.youtube.com/channel/UCt4dtZ67qO3xWQSImQjRnJA

â€¢Bitchute Channel:
https://www.bitchute.com/channel/a3WbPaAzRKWN/

âک†Support The Channelâک†

â€¢Become a member today!!
https://www.youtube.com/channel/UC8AGq7bm-x4teGcvQonvnPw/join

â€¢If you want to support my Channel, please check out my patreon And subscribe star below:

â€¢Patreon:
https://www.patreon.com/user?u=21542407

â€¢Subscribe star:
https://www.subscribestar.com/nerdettesnewsstand",111.0,17.0,128.0,youtube_comments_4_months_15
https://www.youtube.com/watch?v=nwgqEdiiNKo,https://www.youtube.com/watch?v=CCe53LZie5c,What secret shocked you the most in this interview? Plus check out our Part 2 for more ًں‘‰ https://www.youtube.com/watch?v=nwgqEdiiNKo,83.0,36.0,119.0,youtube_comments_4_months_16
https://lbry.tv/@NerdettesNewsStand:7,https://www.youtube.com/watch?v=J7mSd87aQi0,"Let me know what you think!

ًں’• Don't Forget to Like & Subscribe! ًں’•

Lbry Channel:
https://lbry.tv/@NerdettesNewsStand:7

Rumble:
https://referral.rumble.com/dszVtP5hNXYLXqL89

Backup Channel:
https://www.youtube.com/channel/UCt4dtZ67qO3xWQSImQjRnJA

Bitchute Channel:
https://www.bitchute.com/channel/a3WbPaAzRKWN/

Become a member today!!
https://www.youtube.com/channel/UC8AGq7bm-x4teGcvQonvnPw/join

If you want to support my Channel, please check out my patreon And subscribe star below:

Patreon:
https://www.patreon.com/user?u=21542407

Subscribe star:
https://www.subscribestar.com/nerdettesnewsstand",34.0,56.0,90.0,youtube_comments_4_months_17
https://referral.rumble.com/dszVtP5hNXYLXqL89,https://www.youtube.com/watch?v=J7mSd87aQi0,"Let me know what you think!

ًں’• Don't Forget to Like & Subscribe! ًں’•

Lbry Channel:
https://lbry.tv/@NerdettesNewsStand:7

Rumble:
https://referral.rumble.com/dszVtP5hNXYLXqL89

Backup Channel:
https://www.youtube.com/channel/UCt4dtZ67qO3xWQSImQjRnJA

Bitchute Channel:
https://www.bitchute.com/channel/a3WbPaAzRKWN/

Become a member today!!
https://www.youtube.com/channel/UC8AGq7bm-x4teGcvQonvnPw/join

If you want to support my Channel, please check out my patreon And subscribe star below:

Patreon:
https://www.patreon.com/user?u=21542407

Subscribe star:
https://www.subscribestar.com/nerdettesnewsstand",34.0,56.0,90.0,youtube_comments_4_months_17
https://www.youtube.com/channel/UCt4dtZ67qO3xWQSImQjRnJA,https://www.youtube.com/watch?v=J7mSd87aQi0,"Let me know what you think!

ًں’• Don't Forget to Like & Subscribe! ًں’•

Lbry Channel:
https://lbry.tv/@NerdettesNewsStand:7

Rumble:
https://referral.rumble.com/dszVtP5hNXYLXqL89

Backup Channel:
https://www.youtube.com/channel/UCt4dtZ67qO3xWQSImQjRnJA

Bitchute Channel:
https://www.bitchute.com/channel/a3WbPaAzRKWN/

Become a member today!!
https://www.youtube.com/channel/UC8AGq7bm-x4teGcvQonvnPw/join

If you want to support my Channel, please check out my patreon And subscribe star below:

Patreon:
https://www.patreon.com/user?u=21542407

Subscribe star:
https://www.subscribestar.com/nerdettesnewsstand",34.0,56.0,90.0,youtube_comments_4_months_17
https://www.bitchute.com/channel/a3WbPaAzRKWN/,https://www.youtube.com/watch?v=J7mSd87aQi0,"Let me know what you think!

ًں’• Don't Forget to Like & Subscribe! ًں’•

Lbry Channel:
https://lbry.tv/@NerdettesNewsStand:7

Rumble:
https://referral.rumble.com/dszVtP5hNXYLXqL89

Backup Channel:
https://www.youtube.com/channel/UCt4dtZ67qO3xWQSImQjRnJA

Bitchute Channel:
https://www.bitchute.com/channel/a3WbPaAzRKWN/

Become a member today!!
https://www.youtube.com/channel/UC8AGq7bm-x4teGcvQonvnPw/join

If you want to support my Channel, please check out my patreon And subscribe star below:

Patreon:
https://www.patreon.com/user?u=21542407

Subscribe star:
https://www.subscribestar.com/nerdettesnewsstand",34.0,56.0,90.0,youtube_comments_4_months_17
https://www.youtube.com/channel/UC8AGq7bm-x4teGcvQonvnPw/join,https://www.youtube.com/watch?v=J7mSd87aQi0,"Let me know what you think!

ًں’• Don't Forget to Like & Subscribe! ًں’•

Lbry Channel:
https://lbry.tv/@NerdettesNewsStand:7

Rumble:
https://referral.rumble.com/dszVtP5hNXYLXqL89

Backup Channel:
https://www.youtube.com/channel/UCt4dtZ67qO3xWQSImQjRnJA

Bitchute Channel:
https://www.bitchute.com/channel/a3WbPaAzRKWN/

Become a member today!!
https://www.youtube.com/channel/UC8AGq7bm-x4teGcvQonvnPw/join

If you want to support my Channel, please check out my patreon And subscribe star below:

Patreon:
https://www.patreon.com/user?u=21542407

Subscribe star:
https://www.subscribestar.com/nerdettesnewsstand",34.0,56.0,90.0,youtube_comments_4_months_17
https://www.patreon.com/user?u=21542407,https://www.youtube.com/watch?v=J7mSd87aQi0,"Let me know what you think!

ًں’• Don't Forget to Like & Subscribe! ًں’•

Lbry Channel:
https://lbry.tv/@NerdettesNewsStand:7

Rumble:
https://referral.rumble.com/dszVtP5hNXYLXqL89

Backup Channel:
https://www.youtube.com/channel/UCt4dtZ67qO3xWQSImQjRnJA

Bitchute Channel:
https://www.bitchute.com/channel/a3WbPaAzRKWN/

Become a member today!!
https://www.youtube.com/channel/UC8AGq7bm-x4teGcvQonvnPw/join

If you want to support my Channel, please check out my patreon And subscribe star below:

Patreon:
https://www.patreon.com/user?u=21542407

Subscribe star:
https://www.subscribestar.com/nerdettesnewsstand",34.0,56.0,90.0,youtube_comments_4_months_17
https://www.subscribestar.com/nerdettesnewsstand,https://www.youtube.com/watch?v=J7mSd87aQi0,"Let me know what you think!

ًں’• Don't Forget to Like & Subscribe! ًں’•

Lbry Channel:
https://lbry.tv/@NerdettesNewsStand:7

Rumble:
https://referral.rumble.com/dszVtP5hNXYLXqL89

Backup Channel:
https://www.youtube.com/channel/UCt4dtZ67qO3xWQSImQjRnJA

Bitchute Channel:
https://www.bitchute.com/channel/a3WbPaAzRKWN/

Become a member today!!
https://www.youtube.com/channel/UC8AGq7bm-x4teGcvQonvnPw/join

If you want to support my Channel, please check out my patreon And subscribe star below:

Patreon:
https://www.patreon.com/user?u=21542407

Subscribe star:
https://www.subscribestar.com/nerdettesnewsstand",34.0,56.0,90.0,youtube_comments_4_months_17
https://www.udemy.com/course/cursodeyoutube/?couponCode=028B4852D26BF472087D,https://www.youtube.com/watch?v=VTXaatdiBps,Mi curso en el que te enseأ±o a crear o hacer crecer tu canal de YouTube CON DESCUENTO https://www.udemy.com/course/cursodeyoutube/?couponCode=028B4852D26BF472087D,79.0,10.0,89.0,youtube_comments_4_months_18
https://lbry.tv/@NerdettesNewsStand:7,https://www.youtube.com/watch?v=yAs0DWxU5ss,"Does amber ever shut up??

Let me know what you think!

ًں’• Don't Forget to Like & Subscribe! ًں’•

Lbry Channel:
https://lbry.tv/@NerdettesNewsStand:7

Rumble:
https://referral.rumble.com/dszVtP5hNXYLXqL89

Backup Channel:
https://www.youtube.com/channel/UCt4dtZ67qO3xWQSImQjRnJA

Bitchute Channel:
https://www.bitchute.com/channel/a3WbPaAzRKWN/

Become a member today!!
https://www.youtube.com/channel/UC8AGq7bm-x4teGcvQonvnPw/join

If you want to support my Channel, please check out my patreon And subscribe star below:

Patreon:
https://www.patreon.com/user?u=21542407

Subscribe star:
https://www.subscribestar.com/nerdettesnewsstand",66.0,16.0,82.0,youtube_comments_4_months_19
https://referral.rumble.com/dszVtP5hNXYLXqL89,https://www.youtube.com/watch?v=yAs0DWxU5ss,"Does amber ever shut up??

Let me know what you think!

ًں’• Don't Forget to Like & Subscribe! ًں’•

Lbry Channel:
https://lbry.tv/@NerdettesNewsStand:7

Rumble:
https://referral.rumble.com/dszVtP5hNXYLXqL89

Backup Channel:
https://www.youtube.com/channel/UCt4dtZ67qO3xWQSImQjRnJA

Bitchute Channel:
https://www.bitchute.com/channel/a3WbPaAzRKWN/

Become a member today!!
https://www.youtube.com/channel/UC8AGq7bm-x4teGcvQonvnPw/join

If you want to support my Channel, please check out my patreon And subscribe star below:

Patreon:
https://www.patreon.com/user?u=21542407

Subscribe star:
https://www.subscribestar.com/nerdettesnewsstand",66.0,16.0,82.0,youtube_comments_4_months_19
https://www.youtube.com/channel/UCt4dtZ67qO3xWQSImQjRnJA,https://www.youtube.com/watch?v=yAs0DWxU5ss,"Does amber ever shut up??

Let me know what you think!

ًں’• Don't Forget to Like & Subscribe! ًں’•

Lbry Channel:
https://lbry.tv/@NerdettesNewsStand:7

Rumble:
https://referral.rumble.com/dszVtP5hNXYLXqL89

Backup Channel:
https://www.youtube.com/channel/UCt4dtZ67qO3xWQSImQjRnJA

Bitchute Channel:
https://www.bitchute.com/channel/a3WbPaAzRKWN/

Become a member today!!
https://www.youtube.com/channel/UC8AGq7bm-x4teGcvQonvnPw/join

If you want to support my Channel, please check out my patreon And subscribe star below:

Patreon:
https://www.patreon.com/user?u=21542407

Subscribe star:
https://www.subscribestar.com/nerdettesnewsstand",66.0,16.0,82.0,youtube_comments_4_months_19
https://www.bitchute.com/channel/a3WbPaAzRKWN/,https://www.youtube.com/watch?v=yAs0DWxU5ss,"Does amber ever shut up??

Let me know what you think!

ًں’• Don't Forget to Like & Subscribe! ًں’•

Lbry Channel:
https://lbry.tv/@NerdettesNewsStand:7

Rumble:
https://referral.rumble.com/dszVtP5hNXYLXqL89

Backup Channel:
https://www.youtube.com/channel/UCt4dtZ67qO3xWQSImQjRnJA

Bitchute Channel:
https://www.bitchute.com/channel/a3WbPaAzRKWN/

Become a member today!!
https://www.youtube.com/channel/UC8AGq7bm-x4teGcvQonvnPw/join

If you want to support my Channel, please check out my patreon And subscribe star below:

Patreon:
https://www.patreon.com/user?u=21542407

Subscribe star:
https://www.subscribestar.com/nerdettesnewsstand",66.0,16.0,82.0,youtube_comments_4_months_19
https://www.youtube.com/channel/UC8AGq7bm-x4teGcvQonvnPw/join,https://www.youtube.com/watch?v=yAs0DWxU5ss,"Does amber ever shut up??

Let me know what you think!

ًں’• Don't Forget to Like & Subscribe! ًں’•

Lbry Channel:
https://lbry.tv/@NerdettesNewsStand:7

Rumble:
https://referral.rumble.com/dszVtP5hNXYLXqL89

Backup Channel:
https://www.youtube.com/channel/UCt4dtZ67qO3xWQSImQjRnJA

Bitchute Channel:
https://www.bitchute.com/channel/a3WbPaAzRKWN/

Become a member today!!
https://www.youtube.com/channel/UC8AGq7bm-x4teGcvQonvnPw/join

If you want to support my Channel, please check out my patreon And subscribe star below:

Patreon:
https://www.patreon.com/user?u=21542407

Subscribe star:
https://www.subscribestar.com/nerdettesnewsstand",66.0,16.0,82.0,youtube_comments_4_months_19
https://www.patreon.com/user?u=21542407,https://www.youtube.com/watch?v=yAs0DWxU5ss,"Does amber ever shut up??

Let me know what you think!

ًں’• Don't Forget to Like & Subscribe! ًں’•

Lbry Channel:
https://lbry.tv/@NerdettesNewsStand:7

Rumble:
https://referral.rumble.com/dszVtP5hNXYLXqL89

Backup Channel:
https://www.youtube.com/channel/UCt4dtZ67qO3xWQSImQjRnJA

Bitchute Channel:
https://www.bitchute.com/channel/a3WbPaAzRKWN/

Become a member today!!
https://www.youtube.com/channel/UC8AGq7bm-x4teGcvQonvnPw/join

If you want to support my Channel, please check out my patreon And subscribe star below:

Patreon:
https://www.patreon.com/user?u=21542407

Subscribe star:
https://www.subscribestar.com/nerdettesnewsstand",66.0,16.0,82.0,youtube_comments_4_months_19
https://www.subscribestar.com/nerdettesnewsstand,https://www.youtube.com/watch?v=yAs0DWxU5ss,"Does amber ever shut up??

Let me know what you think!

ًں’• Don't Forget to Like & Subscribe! ًں’•

Lbry Channel:
https://lbry.tv/@NerdettesNewsStand:7

Rumble:
https://referral.rumble.com/dszVtP5hNXYLXqL89

Backup Channel:
https://www.youtube.com/channel/UCt4dtZ67qO3xWQSImQjRnJA

Bitchute Channel:
https://www.bitchute.com/channel/a3WbPaAzRKWN/

Become a member today!!
https://www.youtube.com/channel/UC8AGq7bm-x4teGcvQonvnPw/join

If you want to support my Channel, please check out my patreon And subscribe star below:

Patreon:
https://www.patreon.com/user?u=21542407

Subscribe star:
https://www.subscribestar.com/nerdettesnewsstand",66.0,16.0,82.0,youtube_comments_4_months_19
https://www.youtube.com/channel/UCzvS45zctnJjDRlpPord6qg,https://www.youtube.com/watch?v=TDMInEEWw0w,"Subscribe to Josiah's new channel: 

https://www.youtube.com/channel/UCzvS45zctnJjDRlpPord6qg",72.0,3.0,75.0,youtube_comments_4_months_20
https://lbry.tv/@NerdettesNewsStand:7,https://www.youtube.com/watch?v=gp_vrDL7YOo,"A little bit of audio issues, sorry!

Let me know what you think!

ًں’• Don't Forget to Like & Subscribe! ًں’•

Lbry Channel:
https://lbry.tv/@NerdettesNewsStand:7

Rumble:
https://referral.rumble.com/dszVtP5hNXYLXqL89

Backup Channel:
https://www.youtube.com/channel/UCt4dtZ67qO3xWQSImQjRnJA

Bitchute Channel:
https://www.bitchute.com/channel/a3WbPaAzRKWN/

Become a member today!!
https://www.youtube.com/channel/UC8AGq7bm-x4teGcvQonvnPw/join

If you want to support my Channel, please check out my patreon And subscribe star below:

Patreon:
https://www.patreon.com/user?u=21542407

Subscribe star:
https://www.subscribestar.com/nerdettesnewsstand",62.0,9.0,71.0,youtube_comments_4_months_21
https://referral.rumble.com/dszVtP5hNXYLXqL89,https://www.youtube.com/watch?v=gp_vrDL7YOo,"A little bit of audio issues, sorry!

Let me know what you think!

ًں’• Don't Forget to Like & Subscribe! ًں’•

Lbry Channel:
https://lbry.tv/@NerdettesNewsStand:7

Rumble:
https://referral.rumble.com/dszVtP5hNXYLXqL89

Backup Channel:
https://www.youtube.com/channel/UCt4dtZ67qO3xWQSImQjRnJA

Bitchute Channel:
https://www.bitchute.com/channel/a3WbPaAzRKWN/

Become a member today!!
https://www.youtube.com/channel/UC8AGq7bm-x4teGcvQonvnPw/join

If you want to support my Channel, please check out my patreon And subscribe star below:

Patreon:
https://www.patreon.com/user?u=21542407

Subscribe star:
https://www.subscribestar.com/nerdettesnewsstand",62.0,9.0,71.0,youtube_comments_4_months_21
https://www.youtube.com/channel/UCt4dtZ67qO3xWQSImQjRnJA,https://www.youtube.com/watch?v=gp_vrDL7YOo,"A little bit of audio issues, sorry!

Let me know what you think!

ًں’• Don't Forget to Like & Subscribe! ًں’•

Lbry Channel:
https://lbry.tv/@NerdettesNewsStand:7

Rumble:
https://referral.rumble.com/dszVtP5hNXYLXqL89

Backup Channel:
https://www.youtube.com/channel/UCt4dtZ67qO3xWQSImQjRnJA

Bitchute Channel:
https://www.bitchute.com/channel/a3WbPaAzRKWN/

Become a member today!!
https://www.youtube.com/channel/UC8AGq7bm-x4teGcvQonvnPw/join

If you want to support my Channel, please check out my patreon And subscribe star below:

Patreon:
https://www.patreon.com/user?u=21542407

Subscribe star:
https://www.subscribestar.com/nerdettesnewsstand",62.0,9.0,71.0,youtube_comments_4_months_21
https://www.bitchute.com/channel/a3WbPaAzRKWN/,https://www.youtube.com/watch?v=gp_vrDL7YOo,"A little bit of audio issues, sorry!

Let me know what you think!

ًں’• Don't Forget to Like & Subscribe! ًں’•

Lbry Channel:
https://lbry.tv/@NerdettesNewsStand:7

Rumble:
https://referral.rumble.com/dszVtP5hNXYLXqL89

Backup Channel:
https://www.youtube.com/channel/UCt4dtZ67qO3xWQSImQjRnJA

Bitchute Channel:
https://www.bitchute.com/channel/a3WbPaAzRKWN/

Become a member today!!
https://www.youtube.com/channel/UC8AGq7bm-x4teGcvQonvnPw/join

If you want to support my Channel, please check out my patreon And subscribe star below:

Patreon:
https://www.patreon.com/user?u=21542407

Subscribe star:
https://www.subscribestar.com/nerdettesnewsstand",62.0,9.0,71.0,youtube_comments_4_months_21
https://www.youtube.com/channel/UC8AGq7bm-x4teGcvQonvnPw/join,https://www.youtube.com/watch?v=gp_vrDL7YOo,"A little bit of audio issues, sorry!

Let me know what you think!

ًں’• Don't Forget to Like & Subscribe! ًں’•

Lbry Channel:
https://lbry.tv/@NerdettesNewsStand:7

Rumble:
https://referral.rumble.com/dszVtP5hNXYLXqL89

Backup Channel:
https://www.youtube.com/channel/UCt4dtZ67qO3xWQSImQjRnJA

Bitchute Channel:
https://www.bitchute.com/channel/a3WbPaAzRKWN/

Become a member today!!
https://www.youtube.com/channel/UC8AGq7bm-x4teGcvQonvnPw/join

If you want to support my Channel, please check out my patreon And subscribe star below:

Patreon:
https://www.patreon.com/user?u=21542407

Subscribe star:
https://www.subscribestar.com/nerdettesnewsstand",62.0,9.0,71.0,youtube_comments_4_months_21
https://www.patreon.com/user?u=21542407,https://www.youtube.com/watch?v=gp_vrDL7YOo,"A little bit of audio issues, sorry!

Let me know what you think!

ًں’• Don't Forget to Like & Subscribe! ًں’•

Lbry Channel:
https://lbry.tv/@NerdettesNewsStand:7

Rumble:
https://referral.rumble.com/dszVtP5hNXYLXqL89

Backup Channel:
https://www.youtube.com/channel/UCt4dtZ67qO3xWQSImQjRnJA

Bitchute Channel:
https://www.bitchute.com/channel/a3WbPaAzRKWN/

Become a member today!!
https://www.youtube.com/channel/UC8AGq7bm-x4teGcvQonvnPw/join

If you want to support my Channel, please check out my patreon And subscribe star below:

Patreon:
https://www.patreon.com/user?u=21542407

Subscribe star:
https://www.subscribestar.com/nerdettesnewsstand",62.0,9.0,71.0,youtube_comments_4_months_21
https://www.subscribestar.com/nerdettesnewsstand,https://www.youtube.com/watch?v=gp_vrDL7YOo,"A little bit of audio issues, sorry!

Let me know what you think!

ًں’• Don't Forget to Like & Subscribe! ًں’•

Lbry Channel:
https://lbry.tv/@NerdettesNewsStand:7

Rumble:
https://referral.rumble.com/dszVtP5hNXYLXqL89

Backup Channel:
https://www.youtube.com/channel/UCt4dtZ67qO3xWQSImQjRnJA

Bitchute Channel:
https://www.bitchute.com/channel/a3WbPaAzRKWN/

Become a member today!!
https://www.youtube.com/channel/UC8AGq7bm-x4teGcvQonvnPw/join

If you want to support my Channel, please check out my patreon And subscribe star below:

Patreon:
https://www.patreon.com/user?u=21542407

Subscribe star:
https://www.subscribestar.com/nerdettesnewsstand",62.0,9.0,71.0,youtube_comments_4_months_21
https://lbry.tv/@NerdettesNewsStand:7,https://www.youtube.com/watch?v=gp_vrDL7YOo,"A little bit of audio issues, sorry!

Let me know what you think!

ًں’• Don't Forget to Like & Subscribe! ًں’•

Lbry Channel:
https://lbry.tv/@NerdettesNewsStand:7

Rumble:
https://referral.rumble.com/dszVtP5hNXYLXqL89

Backup Channel:
https://www.youtube.com/channel/UCt4dtZ67qO3xWQSImQjRnJA

Bitchute Channel:
https://www.bitchute.com/channel/a3WbPaAzRKWN/

Become a member today!!
https://www.youtube.com/channel/UC8AGq7bm-x4teGcvQonvnPw/join

If you want to support my Channel, please check out my patreon And subscribe star below:

Patreon:
https://www.patreon.com/user?u=21542407

Subscribe star:
https://www.subscribestar.com/nerdettesnewsstand",62.0,9.0,71.0,youtube_comments_4_months_22
https://referral.rumble.com/dszVtP5hNXYLXqL89,https://www.youtube.com/watch?v=gp_vrDL7YOo,"A little bit of audio issues, sorry!

Let me know what you think!

ًں’• Don't Forget to Like & Subscribe! ًں’•

Lbry Channel:
https://lbry.tv/@NerdettesNewsStand:7

Rumble:
https://referral.rumble.com/dszVtP5hNXYLXqL89

Backup Channel:
https://www.youtube.com/channel/UCt4dtZ67qO3xWQSImQjRnJA

Bitchute Channel:
https://www.bitchute.com/channel/a3WbPaAzRKWN/

Become a member today!!
https://www.youtube.com/channel/UC8AGq7bm-x4teGcvQonvnPw/join

If you want to support my Channel, please check out my patreon And subscribe star below:

Patreon:
https://www.patreon.com/user?u=21542407

Subscribe star:
https://www.subscribestar.com/nerdettesnewsstand",62.0,9.0,71.0,youtube_comments_4_months_22
https://www.youtube.com/channel/UCt4dtZ67qO3xWQSImQjRnJA,https://www.youtube.com/watch?v=gp_vrDL7YOo,"A little bit of audio issues, sorry!

Let me know what you think!

ًں’• Don't Forget to Like & Subscribe! ًں’•

Lbry Channel:
https://lbry.tv/@NerdettesNewsStand:7

Rumble:
https://referral.rumble.com/dszVtP5hNXYLXqL89

Backup Channel:
https://www.youtube.com/channel/UCt4dtZ67qO3xWQSImQjRnJA

Bitchute Channel:
https://www.bitchute.com/channel/a3WbPaAzRKWN/

Become a member today!!
https://www.youtube.com/channel/UC8AGq7bm-x4teGcvQonvnPw/join

If you want to support my Channel, please check out my patreon And subscribe star below:

Patreon:
https://www.patreon.com/user?u=21542407

Subscribe star:
https://www.subscribestar.com/nerdettesnewsstand",62.0,9.0,71.0,youtube_comments_4_months_22
https://www.bitchute.com/channel/a3WbPaAzRKWN/,https://www.youtube.com/watch?v=gp_vrDL7YOo,"A little bit of audio issues, sorry!

Let me know what you think!

ًں’• Don't Forget to Like & Subscribe! ًں’•

Lbry Channel:
https://lbry.tv/@NerdettesNewsStand:7

Rumble:
https://referral.rumble.com/dszVtP5hNXYLXqL89

Backup Channel:
https://www.youtube.com/channel/UCt4dtZ67qO3xWQSImQjRnJA

Bitchute Channel:
https://www.bitchute.com/channel/a3WbPaAzRKWN/

Become a member today!!
https://www.youtube.com/channel/UC8AGq7bm-x4teGcvQonvnPw/join

If you want to support my Channel, please check out my patreon And subscribe star below:

Patreon:
https://www.patreon.com/user?u=21542407

Subscribe star:
https://www.subscribestar.com/nerdettesnewsstand",62.0,9.0,71.0,youtube_comments_4_months_22
https://www.youtube.com/channel/UC8AGq7bm-x4teGcvQonvnPw/join,https://www.youtube.com/watch?v=gp_vrDL7YOo,"A little bit of audio issues, sorry!

Let me know what you think!

ًں’• Don't Forget to Like & Subscribe! ًں’•

Lbry Channel:
https://lbry.tv/@NerdettesNewsStand:7

Rumble:
https://referral.rumble.com/dszVtP5hNXYLXqL89

Backup Channel:
https://www.youtube.com/channel/UCt4dtZ67qO3xWQSImQjRnJA

Bitchute Channel:
https://www.bitchute.com/channel/a3WbPaAzRKWN/

Become a member today!!
https://www.youtube.com/channel/UC8AGq7bm-x4teGcvQonvnPw/join

If you want to support my Channel, please check out my patreon And subscribe star below:

Patreon:
https://www.patreon.com/user?u=21542407

Subscribe star:
https://www.subscribestar.com/nerdettesnewsstand",62.0,9.0,71.0,youtube_comments_4_months_22
https://www.patreon.com/user?u=21542407,https://www.youtube.com/watch?v=gp_vrDL7YOo,"A little bit of audio issues, sorry!

Let me know what you think!

ًں’• Don't Forget to Like & Subscribe! ًں’•

Lbry Channel:
https://lbry.tv/@NerdettesNewsStand:7

Rumble:
https://referral.rumble.com/dszVtP5hNXYLXqL89

Backup Channel:
https://www.youtube.com/channel/UCt4dtZ67qO3xWQSImQjRnJA

Bitchute Channel:
https://www.bitchute.com/channel/a3WbPaAzRKWN/

Become a member today!!
https://www.youtube.com/channel/UC8AGq7bm-x4teGcvQonvnPw/join

If you want to support my Channel, please check out my patreon And subscribe star below:

Patreon:
https://www.patreon.com/user?u=21542407

Subscribe star:
https://www.subscribestar.com/nerdettesnewsstand",62.0,9.0,71.0,youtube_comments_4_months_22
https://www.subscribestar.com/nerdettesnewsstand,https://www.youtube.com/watch?v=gp_vrDL7YOo,"A little bit of audio issues, sorry!

Let me know what you think!

ًں’• Don't Forget to Like & Subscribe! ًں’•

Lbry Channel:
https://lbry.tv/@NerdettesNewsStand:7

Rumble:
https://referral.rumble.com/dszVtP5hNXYLXqL89

Backup Channel:
https://www.youtube.com/channel/UCt4dtZ67qO3xWQSImQjRnJA

Bitchute Channel:
https://www.bitchute.com/channel/a3WbPaAzRKWN/

Become a member today!!
https://www.youtube.com/channel/UC8AGq7bm-x4teGcvQonvnPw/join

If you want to support my Channel, please check out my patreon And subscribe star below:

Patreon:
https://www.patreon.com/user?u=21542407

Subscribe star:
https://www.subscribestar.com/nerdettesnewsstand",62.0,9.0,71.0,youtube_comments_4_months_22
https://youtu.be/1CkIIcD4Eow,https://www.youtube.com/watch?v=WvuW6yZRwEY,Just one for today. Probably two tomorrow. Will get to comments as I can. Appreciate the support! Check out a video on Deadline getting it wrong on Amber here: https://youtu.be/1CkIIcD4Eow,55.0,11.0,66.0,youtube_comments_4_months_23
https://www.youtube.com/watch?v=hBH5O1ukpq8&feature=emb_logo,https://www.youtube.com/watch?v=QfVYT_u0H00,"She had her full divorce settlement by 2018, he didn't sue her until 2019 and the 2020 court case was between Depp and NGN (The Sun) Heard was just a witness, therefore, she didn't pay any legal fees for that.  She put in her witness statement in the UK trial - and also under oath that she had donated the full 7 million.... She's also on an interview on danish tv where she also stated that she had already donated the full 7 million, split between the ACLU and CHLA... The $100,000 donation was made by Johnny Depp on her behalf to both the ACLU and CHLA as they'd decided in the settlement. He was going to pay the full amount to the charities, she was the one who stopped him saying she wanted to donate it herself and then her lawyer sent him a letter demanding that Depp returns the $200,000 he donated of her money - $100,000 to both ACLU and CHLA.. All the information is out there - including the letter from the CHLA asking if she was going to fulfil her pledge to pay the money...   The interview where she states, she'd already donated the money, not that she was going to 'Eventually.'  https://www.youtube.com/watch?v=hBH5O1ukpq8&feature=emb_logo",64.0,1.0,65.0,youtube_comments_4_months_24
https://youtu.be/buVElkCX3Mg,https://www.youtube.com/watch?v=buVElkCX3Mg,"WATCH NEXT ًں‘‡

Amber Heard Exposed By Her Lawyer For Ruining Johnny Depp
https://youtu.be/buVElkCX3Mg",55.0,0.0,55.0,youtube_comments_4_months_25
https://bit.ly/3txAgy1,https://www.youtube.com/watch?v=YVPyBraRags,"Enjoyed this vid? Make Sure to Like & Comment!ًںک…
 Subscribe to The Spotlight ًں‘‰  https://bit.ly/3txAgy1
#JusticeForJohnnyDepp

Please support this video by commenting #JusticeForDepp as well as subscribing and giving the video a like to improve the algorithm on YouTube and spread awareness for Depp! ًںڈ†

WATCH NEXT: â–¶ï¸ڈ

Disney OFFICIALLY Apologises To Johnny Depp For BOOTING Him!!

ًں‘‰ًںڈ¼ https://youtu.be/lRgawOgSsbw",51.0,3.0,54.0,youtube_comments_4_months_26
https://youtu.be/lRgawOgSsbw,https://www.youtube.com/watch?v=YVPyBraRags,"Enjoyed this vid? Make Sure to Like & Comment!ًںک…
 Subscribe to The Spotlight ًں‘‰  https://bit.ly/3txAgy1
#JusticeForJohnnyDepp

Please support this video by commenting #JusticeForDepp as well as subscribing and giving the video a like to improve the algorithm on YouTube and spread awareness for Depp! ًںڈ†

WATCH NEXT: â–¶ï¸ڈ

Disney OFFICIALLY Apologises To Johnny Depp For BOOTING Him!!

ًں‘‰ًںڈ¼ https://youtu.be/lRgawOgSsbw",51.0,3.0,54.0,youtube_comments_4_months_26
https://t.co/yWkf2d2APp?amp=1,https://www.youtube.com/watch?v=iCgi0Acn87M,"Livestream tonight at 7pm! (I'm always late ًںک‚)

Let me know what you think!

ًں’• Don't Forget to Like & Subscribe! ًں’•

âک†Other Platformsâک†

â€¢Odyssey:
https://t.co/yWkf2d2APp?amp=1

â€¢Rumble:
https://referral.rumble.com/dszVtP5hNXYLXqL89

â€¢Backup Channel:
https://www.youtube.com/channel/UCt4dtZ67qO3xWQSImQjRnJA

â€¢Bitchute Channel:
https://www.bitchute.com/channel/a3WbPaAzRKWN/

âک†Support The Channelâک†

â€¢Become a member today!!
https://www.youtube.com/channel/UC8AGq7bm-x4teGcvQonvnPw/join

â€¢If you want to support my Channel, please check out my patreon And subscribe star below:

â€¢Patreon:
https://www.patreon.com/user?u=21542407

â€¢Subscribe star:
https://www.subscribestar.com/nerdettesnewsstand",33.0,19.0,52.0,youtube_comments_4_months_27
https://referral.rumble.com/dszVtP5hNXYLXqL89,https://www.youtube.com/watch?v=iCgi0Acn87M,"Livestream tonight at 7pm! (I'm always late ًںک‚)

Let me know what you think!

ًں’• Don't Forget to Like & Subscribe! ًں’•

âک†Other Platformsâک†

â€¢Odyssey:
https://t.co/yWkf2d2APp?amp=1

â€¢Rumble:
https://referral.rumble.com/dszVtP5hNXYLXqL89

â€¢Backup Channel:
https://www.youtube.com/channel/UCt4dtZ67qO3xWQSImQjRnJA

â€¢Bitchute Channel:
https://www.bitchute.com/channel/a3WbPaAzRKWN/

âک†Support The Channelâک†

â€¢Become a member today!!
https://www.youtube.com/channel/UC8AGq7bm-x4teGcvQonvnPw/join

â€¢If you want to support my Channel, please check out my patreon And subscribe star below:

â€¢Patreon:
https://www.patreon.com/user?u=21542407

â€¢Subscribe star:
https://www.subscribestar.com/nerdettesnewsstand",33.0,19.0,52.0,youtube_comments_4_months_27
https://www.youtube.com/channel/UCt4dtZ67qO3xWQSImQjRnJA,https://www.youtube.com/watch?v=iCgi0Acn87M,"Livestream tonight at 7pm! (I'm always late ًںک‚)

Let me know what you think!

ًں’• Don't Forget to Like & Subscribe! ًں’•

âک†Other Platformsâک†

â€¢Odyssey:
https://t.co/yWkf2d2APp?amp=1

â€¢Rumble:
https://referral.rumble.com/dszVtP5hNXYLXqL89

â€¢Backup Channel:
https://www.youtube.com/channel/UCt4dtZ67qO3xWQSImQjRnJA

â€¢Bitchute Channel:
https://www.bitchute.com/channel/a3WbPaAzRKWN/

âک†Support The Channelâک†

â€¢Become a member today!!
https://www.youtube.com/channel/UC8AGq7bm-x4teGcvQonvnPw/join

â€¢If you want to support my Channel, please check out my patreon And subscribe star below:

â€¢Patreon:
https://www.patreon.com/user?u=21542407

â€¢Subscribe star:
https://www.subscribestar.com/nerdettesnewsstand",33.0,19.0,52.0,youtube_comments_4_months_27
https://www.bitchute.com/channel/a3WbPaAzRKWN/,https://www.youtube.com/watch?v=iCgi0Acn87M,"Livestream tonight at 7pm! (I'm always late ًںک‚)

Let me know what you think!

ًں’• Don't Forget to Like & Subscribe! ًں’•

âک†Other Platformsâک†

â€¢Odyssey:
https://t.co/yWkf2d2APp?amp=1

â€¢Rumble:
https://referral.rumble.com/dszVtP5hNXYLXqL89

â€¢Backup Channel:
https://www.youtube.com/channel/UCt4dtZ67qO3xWQSImQjRnJA

â€¢Bitchute Channel:
https://www.bitchute.com/channel/a3WbPaAzRKWN/

âک†Support The Channelâک†

â€¢Become a member today!!
https://www.youtube.com/channel/UC8AGq7bm-x4teGcvQonvnPw/join

â€¢If you want to support my Channel, please check out my patreon And subscribe star below:

â€¢Patreon:
https://www.patreon.com/user?u=21542407

â€¢Subscribe star:
https://www.subscribestar.com/nerdettesnewsstand",33.0,19.0,52.0,youtube_comments_4_months_27
https://www.youtube.com/channel/UC8AGq7bm-x4teGcvQonvnPw/join,https://www.youtube.com/watch?v=iCgi0Acn87M,"Livestream tonight at 7pm! (I'm always late ًںک‚)

Let me know what you think!

ًں’• Don't Forget to Like & Subscribe! ًں’•

âک†Other Platformsâک†

â€¢Odyssey:
https://t.co/yWkf2d2APp?amp=1

â€¢Rumble:
https://referral.rumble.com/dszVtP5hNXYLXqL89

â€¢Backup Channel:
https://www.youtube.com/channel/UCt4dtZ67qO3xWQSImQjRnJA

â€¢Bitchute Channel:
https://www.bitchute.com/channel/a3WbPaAzRKWN/

âک†Support The Channelâک†

â€¢Become a member today!!
https://www.youtube.com/channel/UC8AGq7bm-x4teGcvQonvnPw/join

â€¢If you want to support my Channel, please check out my patreon And subscribe star below:

â€¢Patreon:
https://www.patreon.com/user?u=21542407

â€¢Subscribe star:
https://www.subscribestar.com/nerdettesnewsstand",33.0,19.0,52.0,youtube_comments_4_months_27
https://www.patreon.com/user?u=21542407,https://www.youtube.com/watch?v=iCgi0Acn87M,"Livestream tonight at 7pm! (I'm always late ًںک‚)

Let me know what you think!

ًں’• Don't Forget to Like & Subscribe! ًں’•

âک†Other Platformsâک†

â€¢Odyssey:
https://t.co/yWkf2d2APp?amp=1

â€¢Rumble:
https://referral.rumble.com/dszVtP5hNXYLXqL89

â€¢Backup Channel:
https://www.youtube.com/channel/UCt4dtZ67qO3xWQSImQjRnJA

â€¢Bitchute Channel:
https://www.bitchute.com/channel/a3WbPaAzRKWN/

âک†Support The Channelâک†

â€¢Become a member today!!
https://www.youtube.com/channel/UC8AGq7bm-x4teGcvQonvnPw/join

â€¢If you want to support my Channel, please check out my patreon And subscribe star below:

â€¢Patreon:
https://www.patreon.com/user?u=21542407

â€¢Subscribe star:
https://www.subscribestar.com/nerdettesnewsstand",33.0,19.0,52.0,youtube_comments_4_months_27
https://www.subscribestar.com/nerdettesnewsstand,https://www.youtube.com/watch?v=iCgi0Acn87M,"Livestream tonight at 7pm! (I'm always late ًںک‚)

Let me know what you think!

ًں’• Don't Forget to Like & Subscribe! ًں’•

âک†Other Platformsâک†

â€¢Odyssey:
https://t.co/yWkf2d2APp?amp=1

â€¢Rumble:
https://referral.rumble.com/dszVtP5hNXYLXqL89

â€¢Backup Channel:
https://www.youtube.com/channel/UCt4dtZ67qO3xWQSImQjRnJA

â€¢Bitchute Channel:
https://www.bitchute.com/channel/a3WbPaAzRKWN/

âک†Support The Channelâک†

â€¢Become a member today!!
https://www.youtube.com/channel/UC8AGq7bm-x4teGcvQonvnPw/join

â€¢If you want to support my Channel, please check out my patreon And subscribe star below:

â€¢Patreon:
https://www.patreon.com/user?u=21542407

â€¢Subscribe star:
https://www.subscribestar.com/nerdettesnewsstand",33.0,19.0,52.0,youtube_comments_4_months_27
https://youtu.be/buVElkCX3Mg,https://www.youtube.com/watch?v=poSU5v1y5m4,"WATCH NEXT ًں‘‡

Amber Heard Exposed By Her Lawyer For Ruining Johnny Depp
https://youtu.be/buVElkCX3Mg",47.0,1.0,48.0,youtube_comments_4_months_28
https://t.co/yWkf2d2APp?amp=1,https://www.youtube.com/watch?v=Ot4aTxTIIDc,"Leave it to Amber to attack fandoms...

Let me know what you think!

ًں’• Don't Forget to Like & Subscribe! ًں’•

âک†Other Platformsâک†

â€¢Odyssey:
https://t.co/yWkf2d2APp?amp=1

â€¢Rumble:
https://referral.rumble.com/dszVtP5hNXYLXqL89

â€¢Backup Channel:
https://www.youtube.com/channel/UCt4dtZ67qO3xWQSImQjRnJA

â€¢Bitchute Channel:
https://www.bitchute.com/channel/a3WbPaAzRKWN/

âک†Support The Channelâک†

â€¢Become a member today!!
https://www.youtube.com/channel/UC8AGq7bm-x4teGcvQonvnPw/join

â€¢If you want to support my Channel, please check out my patreon And subscribe star below:

â€¢Patreon:
https://www.patreon.com/user?u=21542407

â€¢Subscribe star:
https://www.subscribestar.com/nerdettesnewsstand",38.0,5.0,43.0,youtube_comments_4_months_29
https://referral.rumble.com/dszVtP5hNXYLXqL89,https://www.youtube.com/watch?v=Ot4aTxTIIDc,"Leave it to Amber to attack fandoms...

Let me know what you think!

ًں’• Don't Forget to Like & Subscribe! ًں’•

âک†Other Platformsâک†

â€¢Odyssey:
https://t.co/yWkf2d2APp?amp=1

â€¢Rumble:
https://referral.rumble.com/dszVtP5hNXYLXqL89

â€¢Backup Channel:
https://www.youtube.com/channel/UCt4dtZ67qO3xWQSImQjRnJA

â€¢Bitchute Channel:
https://www.bitchute.com/channel/a3WbPaAzRKWN/

âک†Support The Channelâک†

â€¢Become a member today!!
https://www.youtube.com/channel/UC8AGq7bm-x4teGcvQonvnPw/join

â€¢If you want to support my Channel, please check out my patreon And subscribe star below:

â€¢Patreon:
https://www.patreon.com/user?u=21542407

â€¢Subscribe star:
https://www.subscribestar.com/nerdettesnewsstand",38.0,5.0,43.0,youtube_comments_4_months_29
https://www.youtube.com/channel/UCt4dtZ67qO3xWQSImQjRnJA,https://www.youtube.com/watch?v=Ot4aTxTIIDc,"Leave it to Amber to attack fandoms...

Let me know what you think!

ًں’• Don't Forget to Like & Subscribe! ًں’•

âک†Other Platformsâک†

â€¢Odyssey:
https://t.co/yWkf2d2APp?amp=1

â€¢Rumble:
https://referral.rumble.com/dszVtP5hNXYLXqL89

â€¢Backup Channel:
https://www.youtube.com/channel/UCt4dtZ67qO3xWQSImQjRnJA

â€¢Bitchute Channel:
https://www.bitchute.com/channel/a3WbPaAzRKWN/

âک†Support The Channelâک†

â€¢Become a member today!!
https://www.youtube.com/channel/UC8AGq7bm-x4teGcvQonvnPw/join

â€¢If you want to support my Channel, please check out my patreon And subscribe star below:

â€¢Patreon:
https://www.patreon.com/user?u=21542407

â€¢Subscribe star:
https://www.subscribestar.com/nerdettesnewsstand",38.0,5.0,43.0,youtube_comments_4_months_29
https://www.bitchute.com/channel/a3WbPaAzRKWN/,https://www.youtube.com/watch?v=Ot4aTxTIIDc,"Leave it to Amber to attack fandoms...

Let me know what you think!

ًں’• Don't Forget to Like & Subscribe! ًں’•

âک†Other Platformsâک†

â€¢Odyssey:
https://t.co/yWkf2d2APp?amp=1

â€¢Rumble:
https://referral.rumble.com/dszVtP5hNXYLXqL89

â€¢Backup Channel:
https://www.youtube.com/channel/UCt4dtZ67qO3xWQSImQjRnJA

â€¢Bitchute Channel:
https://www.bitchute.com/channel/a3WbPaAzRKWN/

âک†Support The Channelâک†

â€¢Become a member today!!
https://www.youtube.com/channel/UC8AGq7bm-x4teGcvQonvnPw/join

â€¢If you want to support my Channel, please check out my patreon And subscribe star below:

â€¢Patreon:
https://www.patreon.com/user?u=21542407

â€¢Subscribe star:
https://www.subscribestar.com/nerdettesnewsstand",38.0,5.0,43.0,youtube_comments_4_months_29
https://www.youtube.com/channel/UC8AGq7bm-x4teGcvQonvnPw/join,https://www.youtube.com/watch?v=Ot4aTxTIIDc,"Leave it to Amber to attack fandoms...

Let me know what you think!

ًں’• Don't Forget to Like & Subscribe! ًں’•

âک†Other Platformsâک†

â€¢Odyssey:
https://t.co/yWkf2d2APp?amp=1

â€¢Rumble:
https://referral.rumble.com/dszVtP5hNXYLXqL89

â€¢Backup Channel:
https://www.youtube.com/channel/UCt4dtZ67qO3xWQSImQjRnJA

â€¢Bitchute Channel:
https://www.bitchute.com/channel/a3WbPaAzRKWN/

âک†Support The Channelâک†

â€¢Become a member today!!
https://www.youtube.com/channel/UC8AGq7bm-x4teGcvQonvnPw/join

â€¢If you want to support my Channel, please check out my patreon And subscribe star below:

â€¢Patreon:
https://www.patreon.com/user?u=21542407

â€¢Subscribe star:
https://www.subscribestar.com/nerdettesnewsstand",38.0,5.0,43.0,youtube_comments_4_months_29
https://www.patreon.com/user?u=21542407,https://www.youtube.com/watch?v=Ot4aTxTIIDc,"Leave it to Amber to attack fandoms...

Let me know what you think!

ًں’• Don't Forget to Like & Subscribe! ًں’•

âک†Other Platformsâک†

â€¢Odyssey:
https://t.co/yWkf2d2APp?amp=1

â€¢Rumble:
https://referral.rumble.com/dszVtP5hNXYLXqL89

â€¢Backup Channel:
https://www.youtube.com/channel/UCt4dtZ67qO3xWQSImQjRnJA

â€¢Bitchute Channel:
https://www.bitchute.com/channel/a3WbPaAzRKWN/

âک†Support The Channelâک†

â€¢Become a member today!!
https://www.youtube.com/channel/UC8AGq7bm-x4teGcvQonvnPw/join

â€¢If you want to support my Channel, please check out my patreon And subscribe star below:

â€¢Patreon:
https://www.patreon.com/user?u=21542407

â€¢Subscribe star:
https://www.subscribestar.com/nerdettesnewsstand",38.0,5.0,43.0,youtube_comments_4_months_29
https://www.subscribestar.com/nerdettesnewsstand,https://www.youtube.com/watch?v=Ot4aTxTIIDc,"Leave it to Amber to attack fandoms...

Let me know what you think!

ًں’• Don't Forget to Like & Subscribe! ًں’•

âک†Other Platformsâک†

â€¢Odyssey:
https://t.co/yWkf2d2APp?amp=1

â€¢Rumble:
https://referral.rumble.com/dszVtP5hNXYLXqL89

â€¢Backup Channel:
https://www.youtube.com/channel/UCt4dtZ67qO3xWQSImQjRnJA

â€¢Bitchute Channel:
https://www.bitchute.com/channel/a3WbPaAzRKWN/

âک†Support The Channelâک†

â€¢Become a member today!!
https://www.youtube.com/channel/UC8AGq7bm-x4teGcvQonvnPw/join

â€¢If you want to support my Channel, please check out my patreon And subscribe star below:

â€¢Patreon:
https://www.patreon.com/user?u=21542407

â€¢Subscribe star:
https://www.subscribestar.com/nerdettesnewsstand",38.0,5.0,43.0,youtube_comments_4_months_29
https://t.co/yWkf2d2APp?amp=1,https://www.youtube.com/watch?v=LFq6mWnRZTs,"Let me know what you think!

ًں’• Don't Forget to Like & Subscribe! ًں’•

âک†Other Platformsâک†

â€¢Odyssey:
https://t.co/yWkf2d2APp?amp=1

â€¢Rumble:
https://referral.rumble.com/dszVtP5hNXYLXqL89

â€¢Backup Channel:
https://www.youtube.com/channel/UCt4dtZ67qO3xWQSImQjRnJA

â€¢Bitchute Channel:
https://www.bitchute.com/channel/a3WbPaAzRKWN/

âک†Support The Channelâک†

â€¢Become a member today!!
https://www.youtube.com/channel/UC8AGq7bm-x4teGcvQonvnPw/join

â€¢If you want to support my Channel, please check out my patreon And subscribe star below:

â€¢Patreon:
https://www.patreon.com/user?u=21542407

â€¢Subscribe star:
https://www.subscribestar.com/nerdettesnewsstand",30.0,12.0,42.0,youtube_comments_4_months_30
https://referral.rumble.com/dszVtP5hNXYLXqL89,https://www.youtube.com/watch?v=LFq6mWnRZTs,"Let me know what you think!

ًں’• Don't Forget to Like & Subscribe! ًں’•

âک†Other Platformsâک†

â€¢Odyssey:
https://t.co/yWkf2d2APp?amp=1

â€¢Rumble:
https://referral.rumble.com/dszVtP5hNXYLXqL89

â€¢Backup Channel:
https://www.youtube.com/channel/UCt4dtZ67qO3xWQSImQjRnJA

â€¢Bitchute Channel:
https://www.bitchute.com/channel/a3WbPaAzRKWN/

âک†Support The Channelâک†

â€¢Become a member today!!
https://www.youtube.com/channel/UC8AGq7bm-x4teGcvQonvnPw/join

â€¢If you want to support my Channel, please check out my patreon And subscribe star below:

â€¢Patreon:
https://www.patreon.com/user?u=21542407

â€¢Subscribe star:
https://www.subscribestar.com/nerdettesnewsstand",30.0,12.0,42.0,youtube_comments_4_months_30
https://www.youtube.com/channel/UCt4dtZ67qO3xWQSImQjRnJA,https://www.youtube.com/watch?v=LFq6mWnRZTs,"Let me know what you think!

ًں’• Don't Forget to Like & Subscribe! ًں’•

âک†Other Platformsâک†

â€¢Odyssey:
https://t.co/yWkf2d2APp?amp=1

â€¢Rumble:
https://referral.rumble.com/dszVtP5hNXYLXqL89

â€¢Backup Channel:
https://www.youtube.com/channel/UCt4dtZ67qO3xWQSImQjRnJA

â€¢Bitchute Channel:
https://www.bitchute.com/channel/a3WbPaAzRKWN/

âک†Support The Channelâک†

â€¢Become a member today!!
https://www.youtube.com/channel/UC8AGq7bm-x4teGcvQonvnPw/join

â€¢If you want to support my Channel, please check out my patreon And subscribe star below:

â€¢Patreon:
https://www.patreon.com/user?u=21542407

â€¢Subscribe star:
https://www.subscribestar.com/nerdettesnewsstand",30.0,12.0,42.0,youtube_comments_4_months_30
https://www.bitchute.com/channel/a3WbPaAzRKWN/,https://www.youtube.com/watch?v=LFq6mWnRZTs,"Let me know what you think!

ًں’• Don't Forget to Like & Subscribe! ًں’•

âک†Other Platformsâک†

â€¢Odyssey:
https://t.co/yWkf2d2APp?amp=1

â€¢Rumble:
https://referral.rumble.com/dszVtP5hNXYLXqL89

â€¢Backup Channel:
https://www.youtube.com/channel/UCt4dtZ67qO3xWQSImQjRnJA

â€¢Bitchute Channel:
https://www.bitchute.com/channel/a3WbPaAzRKWN/

âک†Support The Channelâک†

â€¢Become a member today!!
https://www.youtube.com/channel/UC8AGq7bm-x4teGcvQonvnPw/join

â€¢If you want to support my Channel, please check out my patreon And subscribe star below:

â€¢Patreon:
https://www.patreon.com/user?u=21542407

â€¢Subscribe star:
https://www.subscribestar.com/nerdettesnewsstand",30.0,12.0,42.0,youtube_comments_4_months_30
https://www.youtube.com/channel/UC8AGq7bm-x4teGcvQonvnPw/join,https://www.youtube.com/watch?v=LFq6mWnRZTs,"Let me know what you think!

ًں’• Don't Forget to Like & Subscribe! ًں’•

âک†Other Platformsâک†

â€¢Odyssey:
https://t.co/yWkf2d2APp?amp=1

â€¢Rumble:
https://referral.rumble.com/dszVtP5hNXYLXqL89

â€¢Backup Channel:
https://www.youtube.com/channel/UCt4dtZ67qO3xWQSImQjRnJA

â€¢Bitchute Channel:
https://www.bitchute.com/channel/a3WbPaAzRKWN/

âک†Support The Channelâک†

â€¢Become a member today!!
https://www.youtube.com/channel/UC8AGq7bm-x4teGcvQonvnPw/join

â€¢If you want to support my Channel, please check out my patreon And subscribe star below:

â€¢Patreon:
https://www.patreon.com/user?u=21542407

â€¢Subscribe star:
https://www.subscribestar.com/nerdettesnewsstand",30.0,12.0,42.0,youtube_comments_4_months_30
https://www.patreon.com/user?u=21542407,https://www.youtube.com/watch?v=LFq6mWnRZTs,"Let me know what you think!

ًں’• Don't Forget to Like & Subscribe! ًں’•

âک†Other Platformsâک†

â€¢Odyssey:
https://t.co/yWkf2d2APp?amp=1

â€¢Rumble:
https://referral.rumble.com/dszVtP5hNXYLXqL89

â€¢Backup Channel:
https://www.youtube.com/channel/UCt4dtZ67qO3xWQSImQjRnJA

â€¢Bitchute Channel:
https://www.bitchute.com/channel/a3WbPaAzRKWN/

âک†Support The Channelâک†

â€¢Become a member today!!
https://www.youtube.com/channel/UC8AGq7bm-x4teGcvQonvnPw/join

â€¢If you want to support my Channel, please check out my patreon And subscribe star below:

â€¢Patreon:
https://www.patreon.com/user?u=21542407

â€¢Subscribe star:
https://www.subscribestar.com/nerdettesnewsstand",30.0,12.0,42.0,youtube_comments_4_months_30
https://www.subscribestar.com/nerdettesnewsstand,https://www.youtube.com/watch?v=LFq6mWnRZTs,"Let me know what you think!

ًں’• Don't Forget to Like & Subscribe! ًں’•

âک†Other Platformsâک†

â€¢Odyssey:
https://t.co/yWkf2d2APp?amp=1

â€¢Rumble:
https://referral.rumble.com/dszVtP5hNXYLXqL89

â€¢Backup Channel:
https://www.youtube.com/channel/UCt4dtZ67qO3xWQSImQjRnJA

â€¢Bitchute Channel:
https://www.bitchute.com/channel/a3WbPaAzRKWN/

âک†Support The Channelâک†

â€¢Become a member today!!
https://www.youtube.com/channel/UC8AGq7bm-x4teGcvQonvnPw/join

â€¢If you want to support my Channel, please check out my patreon And subscribe star below:

â€¢Patreon:
https://www.patreon.com/user?u=21542407

â€¢Subscribe star:
https://www.subscribestar.com/nerdettesnewsstand",30.0,12.0,42.0,youtube_comments_4_months_30
https://youtu.be/jWqHBv9IXI4,https://www.youtube.com/watch?v=nRiI2waOLag,"Original Video:
https://youtu.be/jWqHBv9IXI4

Doctor Soup:
https://youtu.be/lJSb_VH-P_c

Let me know what you think!

ًں’• Don't Forget to Like & Subscribe! ًں’•

âک†Other Platformsâک†

â€¢Odyssey:
https://t.co/yWkf2d2APp?amp=1

â€¢Live Channel:
https://www.youtube.com/channel/UCt4dtZ67qO3xWQSImQjRnJA

â€¢Bitchute Channel:
https://www.bitchute.com/channel/a3WbPaAzRKWN/

âک†Support The Channelâک†

â€¢Become a member today!!
https://www.youtube.com/channel/UC8AGq7bm-x4teGcvQonvnPw/join

â€¢If you want to support my Channel, please check out my patreon And subscribe star below:

â€¢Patreon:
https://www.patreon.com/user?u=21542407

â€¢Subscribe star:
https://www.subscribestar.com/nerdettesnewsstand",28.0,14.0,42.0,youtube_comments_4_months_31
https://youtu.be/lJSb_VH-P_c,https://www.youtube.com/watch?v=nRiI2waOLag,"Original Video:
https://youtu.be/jWqHBv9IXI4

Doctor Soup:
https://youtu.be/lJSb_VH-P_c

Let me know what you think!

ًں’• Don't Forget to Like & Subscribe! ًں’•

âک†Other Platformsâک†

â€¢Odyssey:
https://t.co/yWkf2d2APp?amp=1

â€¢Live Channel:
https://www.youtube.com/channel/UCt4dtZ67qO3xWQSImQjRnJA

â€¢Bitchute Channel:
https://www.bitchute.com/channel/a3WbPaAzRKWN/

âک†Support The Channelâک†

â€¢Become a member today!!
https://www.youtube.com/channel/UC8AGq7bm-x4teGcvQonvnPw/join

â€¢If you want to support my Channel, please check out my patreon And subscribe star below:

â€¢Patreon:
https://www.patreon.com/user?u=21542407

â€¢Subscribe star:
https://www.subscribestar.com/nerdettesnewsstand",28.0,14.0,42.0,youtube_comments_4_months_31
https://t.co/yWkf2d2APp?amp=1,https://www.youtube.com/watch?v=nRiI2waOLag,"Original Video:
https://youtu.be/jWqHBv9IXI4

Doctor Soup:
https://youtu.be/lJSb_VH-P_c

Let me know what you think!

ًں’• Don't Forget to Like & Subscribe! ًں’•

âک†Other Platformsâک†

â€¢Odyssey:
https://t.co/yWkf2d2APp?amp=1

â€¢Live Channel:
https://www.youtube.com/channel/UCt4dtZ67qO3xWQSImQjRnJA

â€¢Bitchute Channel:
https://www.bitchute.com/channel/a3WbPaAzRKWN/

âک†Support The Channelâک†

â€¢Become a member today!!
https://www.youtube.com/channel/UC8AGq7bm-x4teGcvQonvnPw/join

â€¢If you want to support my Channel, please check out my patreon And subscribe star below:

â€¢Patreon:
https://www.patreon.com/user?u=21542407

â€¢Subscribe star:
https://www.subscribestar.com/nerdettesnewsstand",28.0,14.0,42.0,youtube_comments_4_months_31
https://www.youtube.com/channel/UCt4dtZ67qO3xWQSImQjRnJA,https://www.youtube.com/watch?v=nRiI2waOLag,"Original Video:
https://youtu.be/jWqHBv9IXI4

Doctor Soup:
https://youtu.be/lJSb_VH-P_c

Let me know what you think!

ًں’• Don't Forget to Like & Subscribe! ًں’•

âک†Other Platformsâک†

â€¢Odyssey:
https://t.co/yWkf2d2APp?amp=1

â€¢Live Channel:
https://www.youtube.com/channel/UCt4dtZ67qO3xWQSImQjRnJA

â€¢Bitchute Channel:
https://www.bitchute.com/channel/a3WbPaAzRKWN/

âک†Support The Channelâک†

â€¢Become a member today!!
https://www.youtube.com/channel/UC8AGq7bm-x4teGcvQonvnPw/join

â€¢If you want to support my Channel, please check out my patreon And subscribe star below:

â€¢Patreon:
https://www.patreon.com/user?u=21542407

â€¢Subscribe star:
https://www.subscribestar.com/nerdettesnewsstand",28.0,14.0,42.0,youtube_comments_4_months_31
https://www.bitchute.com/channel/a3WbPaAzRKWN/,https://www.youtube.com/watch?v=nRiI2waOLag,"Original Video:
https://youtu.be/jWqHBv9IXI4

Doctor Soup:
https://youtu.be/lJSb_VH-P_c

Let me know what you think!

ًں’• Don't Forget to Like & Subscribe! ًں’•

âک†Other Platformsâک†

â€¢Odyssey:
https://t.co/yWkf2d2APp?amp=1

â€¢Live Channel:
https://www.youtube.com/channel/UCt4dtZ67qO3xWQSImQjRnJA

â€¢Bitchute Channel:
https://www.bitchute.com/channel/a3WbPaAzRKWN/

âک†Support The Channelâک†

â€¢Become a member today!!
https://www.youtube.com/channel/UC8AGq7bm-x4teGcvQonvnPw/join

â€¢If you want to support my Channel, please check out my patreon And subscribe star below:

â€¢Patreon:
https://www.patreon.com/user?u=21542407

â€¢Subscribe star:
https://www.subscribestar.com/nerdettesnewsstand",28.0,14.0,42.0,youtube_comments_4_months_31
https://www.youtube.com/channel/UC8AGq7bm-x4teGcvQonvnPw/join,https://www.youtube.com/watch?v=nRiI2waOLag,"Original Video:
https://youtu.be/jWqHBv9IXI4

Doctor Soup:
https://youtu.be/lJSb_VH-P_c

Let me know what you think!

ًں’• Don't Forget to Like & Subscribe! ًں’•

âک†Other Platformsâک†

â€¢Odyssey:
https://t.co/yWkf2d2APp?amp=1

â€¢Live Channel:
https://www.youtube.com/channel/UCt4dtZ67qO3xWQSImQjRnJA

â€¢Bitchute Channel:
https://www.bitchute.com/channel/a3WbPaAzRKWN/

âک†Support The Channelâک†

â€¢Become a member today!!
https://www.youtube.com/channel/UC8AGq7bm-x4teGcvQonvnPw/join

â€¢If you want to support my Channel, please check out my patreon And subscribe star below:

â€¢Patreon:
https://www.patreon.com/user?u=21542407

â€¢Subscribe star:
https://www.subscribestar.com/nerdettesnewsstand",28.0,14.0,42.0,youtube_comments_4_months_31
https://www.patreon.com/user?u=21542407,https://www.youtube.com/watch?v=nRiI2waOLag,"Original Video:
https://youtu.be/jWqHBv9IXI4

Doctor Soup:
https://youtu.be/lJSb_VH-P_c

Let me know what you think!

ًں’• Don't Forget to Like & Subscribe! ًں’•

âک†Other Platformsâک†

â€¢Odyssey:
https://t.co/yWkf2d2APp?amp=1

â€¢Live Channel:
https://www.youtube.com/channel/UCt4dtZ67qO3xWQSImQjRnJA

â€¢Bitchute Channel:
https://www.bitchute.com/channel/a3WbPaAzRKWN/

âک†Support The Channelâک†

â€¢Become a member today!!
https://www.youtube.com/channel/UC8AGq7bm-x4teGcvQonvnPw/join

â€¢If you want to support my Channel, please check out my patreon And subscribe star below:

â€¢Patreon:
https://www.patreon.com/user?u=21542407

â€¢Subscribe star:
https://www.subscribestar.com/nerdettesnewsstand",28.0,14.0,42.0,youtube_comments_4_months_31
https://www.subscribestar.com/nerdettesnewsstand,https://www.youtube.com/watch?v=nRiI2waOLag,"Original Video:
https://youtu.be/jWqHBv9IXI4

Doctor Soup:
https://youtu.be/lJSb_VH-P_c

Let me know what you think!

ًں’• Don't Forget to Like & Subscribe! ًں’•

âک†Other Platformsâک†

â€¢Odyssey:
https://t.co/yWkf2d2APp?amp=1

â€¢Live Channel:
https://www.youtube.com/channel/UCt4dtZ67qO3xWQSImQjRnJA

â€¢Bitchute Channel:
https://www.bitchute.com/channel/a3WbPaAzRKWN/

âک†Support The Channelâک†

â€¢Become a member today!!
https://www.youtube.com/channel/UC8AGq7bm-x4teGcvQonvnPw/join

â€¢If you want to support my Channel, please check out my patreon And subscribe star below:

â€¢Patreon:
https://www.patreon.com/user?u=21542407

â€¢Subscribe star:
https://www.subscribestar.com/nerdettesnewsstand",28.0,14.0,42.0,youtube_comments_4_months_31
https://t.co/yWkf2d2APp?amp=1,https://www.youtube.com/watch?v=yn5Ez0-kbOQ,"Make sure to check out: 
@deppology & @LauraBockov on twitter & be sure to Let me know what you think!

ًں’• Don't Forget to Like & Subscribe! ًں’•

âک†Other Platformsâک†

â€¢Odyssey:
https://t.co/yWkf2d2APp?amp=1

â€¢Rumble:
https://referral.rumble.com/dszVtP5hNXYLXqL89

â€¢Backup Channel:
https://www.youtube.com/channel/UCt4dtZ67qO3xWQSImQjRnJA

â€¢Bitchute Channel:
https://www.bitchute.com/channel/a3WbPaAzRKWN/

âک†Support The Channelâک†

â€¢Become a member today!!
https://www.youtube.com/channel/UC8AGq7bm-x4teGcvQonvnPw/join

â€¢If you want to support my Channel, please check out my patreon And subscribe star below:

â€¢Patreon:
https://www.patreon.com/user?u=21542407

â€¢Subscribe star:
https://www.subscribestar.com/nerdettesnewsstand",29.0,10.0,39.0,youtube_comments_4_months_32
https://referral.rumble.com/dszVtP5hNXYLXqL89,https://www.youtube.com/watch?v=yn5Ez0-kbOQ,"Make sure to check out: 
@deppology & @LauraBockov on twitter & be sure to Let me know what you think!

ًں’• Don't Forget to Like & Subscribe! ًں’•

âک†Other Platformsâک†

â€¢Odyssey:
https://t.co/yWkf2d2APp?amp=1

â€¢Rumble:
https://referral.rumble.com/dszVtP5hNXYLXqL89

â€¢Backup Channel:
https://www.youtube.com/channel/UCt4dtZ67qO3xWQSImQjRnJA

â€¢Bitchute Channel:
https://www.bitchute.com/channel/a3WbPaAzRKWN/

âک†Support The Channelâک†

â€¢Become a member today!!
https://www.youtube.com/channel/UC8AGq7bm-x4teGcvQonvnPw/join

â€¢If you want to support my Channel, please check out my patreon And subscribe star below:

â€¢Patreon:
https://www.patreon.com/user?u=21542407

â€¢Subscribe star:
https://www.subscribestar.com/nerdettesnewsstand",29.0,10.0,39.0,youtube_comments_4_months_32
https://www.youtube.com/channel/UCt4dtZ67qO3xWQSImQjRnJA,https://www.youtube.com/watch?v=yn5Ez0-kbOQ,"Make sure to check out: 
@deppology & @LauraBockov on twitter & be sure to Let me know what you think!

ًں’• Don't Forget to Like & Subscribe! ًں’•

âک†Other Platformsâک†

â€¢Odyssey:
https://t.co/yWkf2d2APp?amp=1

â€¢Rumble:
https://referral.rumble.com/dszVtP5hNXYLXqL89

â€¢Backup Channel:
https://www.youtube.com/channel/UCt4dtZ67qO3xWQSImQjRnJA

â€¢Bitchute Channel:
https://www.bitchute.com/channel/a3WbPaAzRKWN/

âک†Support The Channelâک†

â€¢Become a member today!!
https://www.youtube.com/channel/UC8AGq7bm-x4teGcvQonvnPw/join

â€¢If you want to support my Channel, please check out my patreon And subscribe star below:

â€¢Patreon:
https://www.patreon.com/user?u=21542407

â€¢Subscribe star:
https://www.subscribestar.com/nerdettesnewsstand",29.0,10.0,39.0,youtube_comments_4_months_32
https://www.bitchute.com/channel/a3WbPaAzRKWN/,https://www.youtube.com/watch?v=yn5Ez0-kbOQ,"Make sure to check out: 
@deppology & @LauraBockov on twitter & be sure to Let me know what you think!

ًں’• Don't Forget to Like & Subscribe! ًں’•

âک†Other Platformsâک†

â€¢Odyssey:
https://t.co/yWkf2d2APp?amp=1

â€¢Rumble:
https://referral.rumble.com/dszVtP5hNXYLXqL89

â€¢Backup Channel:
https://www.youtube.com/channel/UCt4dtZ67qO3xWQSImQjRnJA

â€¢Bitchute Channel:
https://www.bitchute.com/channel/a3WbPaAzRKWN/

âک†Support The Channelâک†

â€¢Become a member today!!
https://www.youtube.com/channel/UC8AGq7bm-x4teGcvQonvnPw/join

â€¢If you want to support my Channel, please check out my patreon And subscribe star below:

â€¢Patreon:
https://www.patreon.com/user?u=21542407

â€¢Subscribe star:
https://www.subscribestar.com/nerdettesnewsstand",29.0,10.0,39.0,youtube_comments_4_months_32
https://www.youtube.com/channel/UC8AGq7bm-x4teGcvQonvnPw/join,https://www.youtube.com/watch?v=yn5Ez0-kbOQ,"Make sure to check out: 
@deppology & @LauraBockov on twitter & be sure to Let me know what you think!

ًں’• Don't Forget to Like & Subscribe! ًں’•

âک†Other Platformsâک†

â€¢Odyssey:
https://t.co/yWkf2d2APp?amp=1

â€¢Rumble:
https://referral.rumble.com/dszVtP5hNXYLXqL89

â€¢Backup Channel:
https://www.youtube.com/channel/UCt4dtZ67qO3xWQSImQjRnJA

â€¢Bitchute Channel:
https://www.bitchute.com/channel/a3WbPaAzRKWN/

âک†Support The Channelâک†

â€¢Become a member today!!
https://www.youtube.com/channel/UC8AGq7bm-x4teGcvQonvnPw/join

â€¢If you want to support my Channel, please check out my patreon And subscribe star below:

â€¢Patreon:
https://www.patreon.com/user?u=21542407

â€¢Subscribe star:
https://www.subscribestar.com/nerdettesnewsstand",29.0,10.0,39.0,youtube_comments_4_months_32
https://www.patreon.com/user?u=21542407,https://www.youtube.com/watch?v=yn5Ez0-kbOQ,"Make sure to check out: 
@deppology & @LauraBockov on twitter & be sure to Let me know what you think!

ًں’• Don't Forget to Like & Subscribe! ًں’•

âک†Other Platformsâک†

â€¢Odyssey:
https://t.co/yWkf2d2APp?amp=1

â€¢Rumble:
https://referral.rumble.com/dszVtP5hNXYLXqL89

â€¢Backup Channel:
https://www.youtube.com/channel/UCt4dtZ67qO3xWQSImQjRnJA

â€¢Bitchute Channel:
https://www.bitchute.com/channel/a3WbPaAzRKWN/

âک†Support The Channelâک†

â€¢Become a member today!!
https://www.youtube.com/channel/UC8AGq7bm-x4teGcvQonvnPw/join

â€¢If you want to support my Channel, please check out my patreon And subscribe star below:

â€¢Patreon:
https://www.patreon.com/user?u=21542407

â€¢Subscribe star:
https://www.subscribestar.com/nerdettesnewsstand",29.0,10.0,39.0,youtube_comments_4_months_32
https://www.subscribestar.com/nerdettesnewsstand,https://www.youtube.com/watch?v=yn5Ez0-kbOQ,"Make sure to check out: 
@deppology & @LauraBockov on twitter & be sure to Let me know what you think!

ًں’• Don't Forget to Like & Subscribe! ًں’•

âک†Other Platformsâک†

â€¢Odyssey:
https://t.co/yWkf2d2APp?amp=1

â€¢Rumble:
https://referral.rumble.com/dszVtP5hNXYLXqL89

â€¢Backup Channel:
https://www.youtube.com/channel/UCt4dtZ67qO3xWQSImQjRnJA

â€¢Bitchute Channel:
https://www.bitchute.com/channel/a3WbPaAzRKWN/

âک†Support The Channelâک†

â€¢Become a member today!!
https://www.youtube.com/channel/UC8AGq7bm-x4teGcvQonvnPw/join

â€¢If you want to support my Channel, please check out my patreon And subscribe star below:

â€¢Patreon:
https://www.patreon.com/user?u=21542407

â€¢Subscribe star:
https://www.subscribestar.com/nerdettesnewsstand",29.0,10.0,39.0,youtube_comments_4_months_32
miniurl.es/beautiful980xxxteengirls,https://www.youtube.com/watch?v=VGPb7Gy1XfE,"ً‌“¼ً‌“®ً‌”پً‌”‚ ً‌“·ً‌“¾ً‌“­ً‌“®ً‌“¼ miniurl.es/beautiful980xxxteengirls 




 
 ط§ظ„ط¢ظ† ظ„ظ… ظٹظ‚ظ… ظ„ظٹط±ظˆظƒط³ ط¨ط¯ط¹ظˆط© ظƒط§ط±ط§طھظˆظپ . ظ†ط¹ظ… طŒ ظˆ ط£ظ†ظ‡ط§ ط¹ط±ظپطھ ط£ظ† ط£ظ†ظ‡ ظ„ظ… طھظ‡ط¯ط£.

é›œ

ط§ظ„ط£ط­ظ‚ط§ط¯

à´²àµ†à´•àµچ à´ڑàµپà´³à´؟à´•àµچà´•àµپà´¨àµچà´¨ à´¸àµچà´®àµٹà´¤àµچ rel à´¸àµ†à´±à´¾à´«à´؟à´‚ àµ½ à´¤à´¨àµچà´±àµ† à´µà´¾à´¯àµچ , à´¤à´¨àµچà´±àµ† à´•à´ںà´¨àµچà´¨àµپ à´ھàµپà´°à´؟à´•à´µàµپà´‚ à´†àµ»à´،àµچ à´ژà´²àµچà´²à´¾ à´‡à´ھàµچà´ھàµ‡à´¾à´´àµپà´‚ à´¸à´‚à´¶à´¯à´؟à´ڑàµچà´ڑàµپ.à®ژà®±à¯پà®®à¯چà®ھà¯پ×¢×™×¨ !! ×•×–×” ×©×گ× ×—× ×• ×¦×¨×™×›×™×‌ ×—×“×©×•×ھ ! ×¢×‘×•×¨ ×گ×œ×™× ×• ×‘ ×‘×”×¨×™×‌ od ×‍×’×™×¢ ×›×•×œ×” ×œ×”×§×ھ ×گ×©×¨ ×—×©×•×‘ ×‍×’×•×•×ں ×©×œ ×¦×™×¤×•×¨×™×‌ , ×• ×”×ھ×™×™×©×‘×• ×œ×”×‌ ×‘ ×œ×‍×œ×•×ں ×”×”×¤×ڑ , ×گ×ھ×” ×™×›×•×œ ×œ×“×‍×™×™×ں ! 

Mom , à°¨à±‡à°¨à±پ à°•à°¾à°¦à±پ à°®à°¾à°ںà±چà°²à°¾à°،à±پà°¤à±‚ à°¤à°‚à°،à±چà°°à°؟ , h à°¤à°°à±پà°µà°¾à°¤ à°¨à±‡à°¨à±پ à°‰à°‚à°ںà±پà°‚à°¦à°؟ à°µà±†à°‚à°¬à°،à°؟à°‚à°ڑà±‡ à°•à±ٹà°¨à±چà°¨à°؟ à°ھà°¾à°¤ à°®à°¨à°؟à°·à°؟ ! à°¨à±‡à°¨à±پ à°…à°¨à±چà°¨à°¾à°،à±پ à°† à°µà°¾à°،à°؟à°‚ Sergeevich à°‰à°‚à°،à±‡à°¦à°؟ à°µà±†à°‚à°¬à°،à°؟à°‚à°ڑà±‡ à°¨à°¾à°•à±پ .",39.0,0.0,39.0,youtube_comments_4_months_33
hotslut.live/502xxxlovelove,https://www.youtube.com/watch?v=nhym0fLkEFg,"ً‌گ‚ً‌گ¥ً‌گ¢ً‌گœً‌گ¤ ً‌گ‡ً‌گ‍ً‌گ«ً‌گ‍ â‍œ hotslut.live/502xxxlovelove 
        م€‹م€‹ ً‌™ٹً‌™£ً‌™،ً‌™® ً‌ک¼ً‌™™ً‌™ھً‌™،ً‌™© م€ٹم€ٹ


هœ¨و•´ه€‹ن؛؛é،‍و­·هڈ²ن¸ٹï¼Œه¼·è€…ï¼Œه¯Œن؛؛ه’Œه…·وœ‰ç‹،çŒ¾ç‰¹è³ھçڑ„ن؛؛وچ•é£ںéƒ¨èگ½ï¼Œو°ڈو—ڈï¼Œهںژéژ®ï¼Œهںژه¸‚ه’Œé„‰و‌‘ن¸­çڑ„ه¼±è€…ï¼Œç„،`'ه®ˆه’Œè²§çھ®وˆگه“،م€‚ç„¶è€Œï¼Œن؛؛é،‍çڑ„ç”ںه­کو„ڈé،کè؟«ن½؟é‚£ن؛›è¢«و‹’çµ•ï¼Œè¢«ه‰‌ه¥ھوˆ–و‘§و¯€çڑ„هں؛وœ¬éœ€و±‚çڑ„ن؛؛ه€‘و‰¾هˆ°ن؛†ن¸€ç¨®ç”ںو´»و–¹ه¼ڈï¼Œن¸¦ç¹¼ç؛Œه°‡ه…¶DNAè‍چه…¥ن¸چو–·ç™¼ه±•çڑ„ن؛؛é،‍ç¤¾وœƒم€‚
èھھهˆ°é£ںç‰©ï¼Œن¸چè¦پن»¥ç‚؛é‚£ن؛›è¢«و‹’çµ•çڑ„ن؛؛هڈھهگƒه‍ƒهœ¾م€‚ç›¸هڈچï¼Œن»–ه€‘ه­¸وœƒن؛†هœ¨è¢«ه؟½è¦–çڑ„è‚‰é،‍ه’Œè”¬èڈœن¸­ه°‹و‰¾ç‡ںé¤ٹم€‚ن»–ه€‘ه­¸وœƒن؛†و¸…و½”ï¼Œهˆ‡ه،ٹï¼Œèھ؟ه‘³ه’Œو…¢ç‡‰و…¢ç‡‰çڑ„é‡ژèڈœه’Œè‚‰é،‍ï¼Œهœ¨é£ںه“په¸‚ه ´ن¸ٹè¢«ه؟½ç•¥çڑ„éƒ¨هˆ†ه®¶ç”¨è”¬èڈœه’Œè‚‰é،‍ï¼Œن¸¦ن¸”ه­¸وœƒن؛†ن½؟ç”¨èٹ³é¦™çڑ„وœ¨ç…™ï¼ˆه¦‚ه±±و ¸و،ƒï¼Œه±±و ¸و،ƒه’Œè±†ç§‘çپŒوœ¨
ن¾†èھ؟ه‘³é£ںç‰©ç…®çڑ„و™‚ه€™|@|@",38.0,0.0,38.0,youtube_comments_4_months_34
https://lbry.tv/@NerdettesNewsStand:7,https://www.youtube.com/watch?v=Fex4XYwaWsQ,"Let me know what you think!

ًں’• Don't Forget to Like & Subscribe! ًں’•

Lbry Channel:
https://lbry.tv/@NerdettesNewsStand:7

Rumble:
https://referral.rumble.com/dszVtP5hNXYLXqL89

Backup Channel:
https://www.youtube.com/channel/UCt4dtZ67qO3xWQSImQjRnJA

Bitchute Channel:
https://www.bitchute.com/channel/a3WbPaAzRKWN/

Become a member today!!
https://www.youtube.com/channel/UC8AGq7bm-x4teGcvQonvnPw/join

If you want to support my Channel, please check out my patreon And subscribe star below:

Patreon:
https://www.patreon.com/user?u=21542407

Subscribe star:
https://www.subscribestar.com/nerdettesnewsstand",25.0,13.0,38.0,youtube_comments_4_months_35
https://referral.rumble.com/dszVtP5hNXYLXqL89,https://www.youtube.com/watch?v=Fex4XYwaWsQ,"Let me know what you think!

ًں’• Don't Forget to Like & Subscribe! ًں’•

Lbry Channel:
https://lbry.tv/@NerdettesNewsStand:7

Rumble:
https://referral.rumble.com/dszVtP5hNXYLXqL89

Backup Channel:
https://www.youtube.com/channel/UCt4dtZ67qO3xWQSImQjRnJA

Bitchute Channel:
https://www.bitchute.com/channel/a3WbPaAzRKWN/

Become a member today!!
https://www.youtube.com/channel/UC8AGq7bm-x4teGcvQonvnPw/join

If you want to support my Channel, please check out my patreon And subscribe star below:

Patreon:
https://www.patreon.com/user?u=21542407

Subscribe star:
https://www.subscribestar.com/nerdettesnewsstand",25.0,13.0,38.0,youtube_comments_4_months_35
https://www.youtube.com/channel/UCt4dtZ67qO3xWQSImQjRnJA,https://www.youtube.com/watch?v=Fex4XYwaWsQ,"Let me know what you think!

ًں’• Don't Forget to Like & Subscribe! ًں’•

Lbry Channel:
https://lbry.tv/@NerdettesNewsStand:7

Rumble:
https://referral.rumble.com/dszVtP5hNXYLXqL89

Backup Channel:
https://www.youtube.com/channel/UCt4dtZ67qO3xWQSImQjRnJA

Bitchute Channel:
https://www.bitchute.com/channel/a3WbPaAzRKWN/

Become a member today!!
https://www.youtube.com/channel/UC8AGq7bm-x4teGcvQonvnPw/join

If you want to support my Channel, please check out my patreon And subscribe star below:

Patreon:
https://www.patreon.com/user?u=21542407

Subscribe star:
https://www.subscribestar.com/nerdettesnewsstand",25.0,13.0,38.0,youtube_comments_4_months_35
https://www.bitchute.com/channel/a3WbPaAzRKWN/,https://www.youtube.com/watch?v=Fex4XYwaWsQ,"Let me know what you think!

ًں’• Don't Forget to Like & Subscribe! ًں’•

Lbry Channel:
https://lbry.tv/@NerdettesNewsStand:7

Rumble:
https://referral.rumble.com/dszVtP5hNXYLXqL89

Backup Channel:
https://www.youtube.com/channel/UCt4dtZ67qO3xWQSImQjRnJA

Bitchute Channel:
https://www.bitchute.com/channel/a3WbPaAzRKWN/

Become a member today!!
https://www.youtube.com/channel/UC8AGq7bm-x4teGcvQonvnPw/join

If you want to support my Channel, please check out my patreon And subscribe star below:

Patreon:
https://www.patreon.com/user?u=21542407

Subscribe star:
https://www.subscribestar.com/nerdettesnewsstand",25.0,13.0,38.0,youtube_comments_4_months_35
https://www.youtube.com/channel/UC8AGq7bm-x4teGcvQonvnPw/join,https://www.youtube.com/watch?v=Fex4XYwaWsQ,"Let me know what you think!

ًں’• Don't Forget to Like & Subscribe! ًں’•

Lbry Channel:
https://lbry.tv/@NerdettesNewsStand:7

Rumble:
https://referral.rumble.com/dszVtP5hNXYLXqL89

Backup Channel:
https://www.youtube.com/channel/UCt4dtZ67qO3xWQSImQjRnJA

Bitchute Channel:
https://www.bitchute.com/channel/a3WbPaAzRKWN/

Become a member today!!
https://www.youtube.com/channel/UC8AGq7bm-x4teGcvQonvnPw/join

If you want to support my Channel, please check out my patreon And subscribe star below:

Patreon:
https://www.patreon.com/user?u=21542407

Subscribe star:
https://www.subscribestar.com/nerdettesnewsstand",25.0,13.0,38.0,youtube_comments_4_months_35
https://www.patreon.com/user?u=21542407,https://www.youtube.com/watch?v=Fex4XYwaWsQ,"Let me know what you think!

ًں’• Don't Forget to Like & Subscribe! ًں’•

Lbry Channel:
https://lbry.tv/@NerdettesNewsStand:7

Rumble:
https://referral.rumble.com/dszVtP5hNXYLXqL89

Backup Channel:
https://www.youtube.com/channel/UCt4dtZ67qO3xWQSImQjRnJA

Bitchute Channel:
https://www.bitchute.com/channel/a3WbPaAzRKWN/

Become a member today!!
https://www.youtube.com/channel/UC8AGq7bm-x4teGcvQonvnPw/join

If you want to support my Channel, please check out my patreon And subscribe star below:

Patreon:
https://www.patreon.com/user?u=21542407

Subscribe star:
https://www.subscribestar.com/nerdettesnewsstand",25.0,13.0,38.0,youtube_comments_4_months_35
https://www.subscribestar.com/nerdettesnewsstand,https://www.youtube.com/watch?v=Fex4XYwaWsQ,"Let me know what you think!

ًں’• Don't Forget to Like & Subscribe! ًں’•

Lbry Channel:
https://lbry.tv/@NerdettesNewsStand:7

Rumble:
https://referral.rumble.com/dszVtP5hNXYLXqL89

Backup Channel:
https://www.youtube.com/channel/UCt4dtZ67qO3xWQSImQjRnJA

Bitchute Channel:
https://www.bitchute.com/channel/a3WbPaAzRKWN/

Become a member today!!
https://www.youtube.com/channel/UC8AGq7bm-x4teGcvQonvnPw/join

If you want to support my Channel, please check out my patreon And subscribe star below:

Patreon:
https://www.patreon.com/user?u=21542407

Subscribe star:
https://www.subscribestar.com/nerdettesnewsstand",25.0,13.0,38.0,youtube_comments_4_months_35
https://t.co/yWkf2d2APp?amp=1,https://www.youtube.com/watch?v=xB6vI76tGN0,"Let me know what you think!

ًں’• Don't Forget to Like & Subscribe! ًں’•

âک†Other Platformsâک†

â€¢Odyssey:
https://t.co/yWkf2d2APp?amp=1

â€¢Rumble:
https://referral.rumble.com/dszVtP5hNXYLXqL89

â€¢Backup Channel:
https://www.youtube.com/channel/UCt4dtZ67qO3xWQSImQjRnJA

â€¢Bitchute Channel:
https://www.bitchute.com/channel/a3WbPaAzRKWN/

âک†Support The Channelâک†

â€¢Become a member today!!
https://www.youtube.com/channel/UC8AGq7bm-x4teGcvQonvnPw/join

â€¢If you want to support my Channel, please check out my patreon And subscribe star below:

â€¢Patreon:
https://www.patreon.com/user?u=21542407

â€¢Subscribe star:
https://www.subscribestar.com/nerdettesnewsstand",25.0,12.0,37.0,youtube_comments_4_months_36
https://referral.rumble.com/dszVtP5hNXYLXqL89,https://www.youtube.com/watch?v=xB6vI76tGN0,"Let me know what you think!

ًں’• Don't Forget to Like & Subscribe! ًں’•

âک†Other Platformsâک†

â€¢Odyssey:
https://t.co/yWkf2d2APp?amp=1

â€¢Rumble:
https://referral.rumble.com/dszVtP5hNXYLXqL89

â€¢Backup Channel:
https://www.youtube.com/channel/UCt4dtZ67qO3xWQSImQjRnJA

â€¢Bitchute Channel:
https://www.bitchute.com/channel/a3WbPaAzRKWN/

âک†Support The Channelâک†

â€¢Become a member today!!
https://www.youtube.com/channel/UC8AGq7bm-x4teGcvQonvnPw/join

â€¢If you want to support my Channel, please check out my patreon And subscribe star below:

â€¢Patreon:
https://www.patreon.com/user?u=21542407

â€¢Subscribe star:
https://www.subscribestar.com/nerdettesnewsstand",25.0,12.0,37.0,youtube_comments_4_months_36
https://www.youtube.com/channel/UCt4dtZ67qO3xWQSImQjRnJA,https://www.youtube.com/watch?v=xB6vI76tGN0,"Let me know what you think!

ًں’• Don't Forget to Like & Subscribe! ًں’•

âک†Other Platformsâک†

â€¢Odyssey:
https://t.co/yWkf2d2APp?amp=1

â€¢Rumble:
https://referral.rumble.com/dszVtP5hNXYLXqL89

â€¢Backup Channel:
https://www.youtube.com/channel/UCt4dtZ67qO3xWQSImQjRnJA

â€¢Bitchute Channel:
https://www.bitchute.com/channel/a3WbPaAzRKWN/

âک†Support The Channelâک†

â€¢Become a member today!!
https://www.youtube.com/channel/UC8AGq7bm-x4teGcvQonvnPw/join

â€¢If you want to support my Channel, please check out my patreon And subscribe star below:

â€¢Patreon:
https://www.patreon.com/user?u=21542407

â€¢Subscribe star:
https://www.subscribestar.com/nerdettesnewsstand",25.0,12.0,37.0,youtube_comments_4_months_36
https://www.bitchute.com/channel/a3WbPaAzRKWN/,https://www.youtube.com/watch?v=xB6vI76tGN0,"Let me know what you think!

ًں’• Don't Forget to Like & Subscribe! ًں’•

âک†Other Platformsâک†

â€¢Odyssey:
https://t.co/yWkf2d2APp?amp=1

â€¢Rumble:
https://referral.rumble.com/dszVtP5hNXYLXqL89

â€¢Backup Channel:
https://www.youtube.com/channel/UCt4dtZ67qO3xWQSImQjRnJA

â€¢Bitchute Channel:
https://www.bitchute.com/channel/a3WbPaAzRKWN/

âک†Support The Channelâک†

â€¢Become a member today!!
https://www.youtube.com/channel/UC8AGq7bm-x4teGcvQonvnPw/join

â€¢If you want to support my Channel, please check out my patreon And subscribe star below:

â€¢Patreon:
https://www.patreon.com/user?u=21542407

â€¢Subscribe star:
https://www.subscribestar.com/nerdettesnewsstand",25.0,12.0,37.0,youtube_comments_4_months_36
https://www.youtube.com/channel/UC8AGq7bm-x4teGcvQonvnPw/join,https://www.youtube.com/watch?v=xB6vI76tGN0,"Let me know what you think!

ًں’• Don't Forget to Like & Subscribe! ًں’•

âک†Other Platformsâک†

â€¢Odyssey:
https://t.co/yWkf2d2APp?amp=1

â€¢Rumble:
https://referral.rumble.com/dszVtP5hNXYLXqL89

â€¢Backup Channel:
https://www.youtube.com/channel/UCt4dtZ67qO3xWQSImQjRnJA

â€¢Bitchute Channel:
https://www.bitchute.com/channel/a3WbPaAzRKWN/

âک†Support The Channelâک†

â€¢Become a member today!!
https://www.youtube.com/channel/UC8AGq7bm-x4teGcvQonvnPw/join

â€¢If you want to support my Channel, please check out my patreon And subscribe star below:

â€¢Patreon:
https://www.patreon.com/user?u=21542407

â€¢Subscribe star:
https://www.subscribestar.com/nerdettesnewsstand",25.0,12.0,37.0,youtube_comments_4_months_36
https://www.patreon.com/user?u=21542407,https://www.youtube.com/watch?v=xB6vI76tGN0,"Let me know what you think!

ًں’• Don't Forget to Like & Subscribe! ًں’•

âک†Other Platformsâک†

â€¢Odyssey:
https://t.co/yWkf2d2APp?amp=1

â€¢Rumble:
https://referral.rumble.com/dszVtP5hNXYLXqL89

â€¢Backup Channel:
https://www.youtube.com/channel/UCt4dtZ67qO3xWQSImQjRnJA

â€¢Bitchute Channel:
https://www.bitchute.com/channel/a3WbPaAzRKWN/

âک†Support The Channelâک†

â€¢Become a member today!!
https://www.youtube.com/channel/UC8AGq7bm-x4teGcvQonvnPw/join

â€¢If you want to support my Channel, please check out my patreon And subscribe star below:

â€¢Patreon:
https://www.patreon.com/user?u=21542407

â€¢Subscribe star:
https://www.subscribestar.com/nerdettesnewsstand",25.0,12.0,37.0,youtube_comments_4_months_36
https://www.subscribestar.com/nerdettesnewsstand,https://www.youtube.com/watch?v=xB6vI76tGN0,"Let me know what you think!

ًں’• Don't Forget to Like & Subscribe! ًں’•

âک†Other Platformsâک†

â€¢Odyssey:
https://t.co/yWkf2d2APp?amp=1

â€¢Rumble:
https://referral.rumble.com/dszVtP5hNXYLXqL89

â€¢Backup Channel:
https://www.youtube.com/channel/UCt4dtZ67qO3xWQSImQjRnJA

â€¢Bitchute Channel:
https://www.bitchute.com/channel/a3WbPaAzRKWN/

âک†Support The Channelâک†

â€¢Become a member today!!
https://www.youtube.com/channel/UC8AGq7bm-x4teGcvQonvnPw/join

â€¢If you want to support my Channel, please check out my patreon And subscribe star below:

â€¢Patreon:
https://www.patreon.com/user?u=21542407

â€¢Subscribe star:
https://www.subscribestar.com/nerdettesnewsstand",25.0,12.0,37.0,youtube_comments_4_months_36
https://www.eonline.com/news/768562/amber-heard-leaves-court-visibly-bruised-after-judge-grants-johnny-depp-restraining-order,https://www.youtube.com/watch?v=guA6QMGKZU8,"The picture of Amber when she's doing the walk of shame outside court that I mentioned is here. As I said, this ""bruise"" mysteriously disappeared in other photos around the same time, damaging her credibility: https://www.eonline.com/news/768562/amber-heard-leaves-court-visibly-bruised-after-judge-grants-johnny-depp-restraining-order",30.0,4.0,34.0,youtube_comments_4_months_37
https://youtu.be/uretrfMA-Io,https://www.youtube.com/watch?v=54FqI0QRnwM,"Quick video here on this! Next stop 500,000! Appreciate the support will have an IO video later and maybe a Saturday Morning livestream. If you wanna see it https://youtu.be/uretrfMA-Io",29.0,2.0,31.0,youtube_comments_4_months_38
https://youtu.be/lbz-aaNo56U,https://www.youtube.com/watch?v=g0KT9qIbBrw,"Original Video:
https://youtu.be/lbz-aaNo56U

Let me know what you think!

ًں’• Don't Forget to Like & Subscribe! ًں’•

âک†Other Platformsâک†

â€¢Odyssey:
https://t.co/yWkf2d2APp?amp=1

â€¢Rumble:
https://referral.rumble.com/dszVtP5hNXYLXqL89

â€¢Backup Channel:
https://www.youtube.com/channel/UCt4dtZ67qO3xWQSImQjRnJA

â€¢Bitchute Channel:
https://www.bitchute.com/channel/a3WbPaAzRKWN/

âک†Support The Channelâک†

â€¢Become a member today!!
https://www.youtube.com/channel/UC8AGq7bm-x4teGcvQonvnPw/join

â€¢If you want to support my Channel, please check out my patreon And subscribe star below:

â€¢Patreon:
https://www.patreon.com/user?u=21542407

â€¢Subscribe star:
https://www.subscribestar.com/nerdettesnewsstand",23.0,8.0,31.0,youtube_comments_4_months_39
https://t.co/yWkf2d2APp?amp=1,https://www.youtube.com/watch?v=g0KT9qIbBrw,"Original Video:
https://youtu.be/lbz-aaNo56U

Let me know what you think!

ًں’• Don't Forget to Like & Subscribe! ًں’•

âک†Other Platformsâک†

â€¢Odyssey:
https://t.co/yWkf2d2APp?amp=1

â€¢Rumble:
https://referral.rumble.com/dszVtP5hNXYLXqL89

â€¢Backup Channel:
https://www.youtube.com/channel/UCt4dtZ67qO3xWQSImQjRnJA

â€¢Bitchute Channel:
https://www.bitchute.com/channel/a3WbPaAzRKWN/

âک†Support The Channelâک†

â€¢Become a member today!!
https://www.youtube.com/channel/UC8AGq7bm-x4teGcvQonvnPw/join

â€¢If you want to support my Channel, please check out my patreon And subscribe star below:

â€¢Patreon:
https://www.patreon.com/user?u=21542407

â€¢Subscribe star:
https://www.subscribestar.com/nerdettesnewsstand",23.0,8.0,31.0,youtube_comments_4_months_39
https://referral.rumble.com/dszVtP5hNXYLXqL89,https://www.youtube.com/watch?v=g0KT9qIbBrw,"Original Video:
https://youtu.be/lbz-aaNo56U

Let me know what you think!

ًں’• Don't Forget to Like & Subscribe! ًں’•

âک†Other Platformsâک†

â€¢Odyssey:
https://t.co/yWkf2d2APp?amp=1

â€¢Rumble:
https://referral.rumble.com/dszVtP5hNXYLXqL89

â€¢Backup Channel:
https://www.youtube.com/channel/UCt4dtZ67qO3xWQSImQjRnJA

â€¢Bitchute Channel:
https://www.bitchute.com/channel/a3WbPaAzRKWN/

âک†Support The Channelâک†

â€¢Become a member today!!
https://www.youtube.com/channel/UC8AGq7bm-x4teGcvQonvnPw/join

â€¢If you want to support my Channel, please check out my patreon And subscribe star below:

â€¢Patreon:
https://www.patreon.com/user?u=21542407

â€¢Subscribe star:
https://www.subscribestar.com/nerdettesnewsstand",23.0,8.0,31.0,youtube_comments_4_months_39
https://www.youtube.com/channel/UCt4dtZ67qO3xWQSImQjRnJA,https://www.youtube.com/watch?v=g0KT9qIbBrw,"Original Video:
https://youtu.be/lbz-aaNo56U

Let me know what you think!

ًں’• Don't Forget to Like & Subscribe! ًں’•

âک†Other Platformsâک†

â€¢Odyssey:
https://t.co/yWkf2d2APp?amp=1

â€¢Rumble:
https://referral.rumble.com/dszVtP5hNXYLXqL89

â€¢Backup Channel:
https://www.youtube.com/channel/UCt4dtZ67qO3xWQSImQjRnJA

â€¢Bitchute Channel:
https://www.bitchute.com/channel/a3WbPaAzRKWN/

âک†Support The Channelâک†

â€¢Become a member today!!
https://www.youtube.com/channel/UC8AGq7bm-x4teGcvQonvnPw/join

â€¢If you want to support my Channel, please check out my patreon And subscribe star below:

â€¢Patreon:
https://www.patreon.com/user?u=21542407

â€¢Subscribe star:
https://www.subscribestar.com/nerdettesnewsstand",23.0,8.0,31.0,youtube_comments_4_months_39
https://www.bitchute.com/channel/a3WbPaAzRKWN/,https://www.youtube.com/watch?v=g0KT9qIbBrw,"Original Video:
https://youtu.be/lbz-aaNo56U

Let me know what you think!

ًں’• Don't Forget to Like & Subscribe! ًں’•

âک†Other Platformsâک†

â€¢Odyssey:
https://t.co/yWkf2d2APp?amp=1

â€¢Rumble:
https://referral.rumble.com/dszVtP5hNXYLXqL89

â€¢Backup Channel:
https://www.youtube.com/channel/UCt4dtZ67qO3xWQSImQjRnJA

â€¢Bitchute Channel:
https://www.bitchute.com/channel/a3WbPaAzRKWN/

âک†Support The Channelâک†

â€¢Become a member today!!
https://www.youtube.com/channel/UC8AGq7bm-x4teGcvQonvnPw/join

â€¢If you want to support my Channel, please check out my patreon And subscribe star below:

â€¢Patreon:
https://www.patreon.com/user?u=21542407

â€¢Subscribe star:
https://www.subscribestar.com/nerdettesnewsstand",23.0,8.0,31.0,youtube_comments_4_months_39
https://www.youtube.com/channel/UC8AGq7bm-x4teGcvQonvnPw/join,https://www.youtube.com/watch?v=g0KT9qIbBrw,"Original Video:
https://youtu.be/lbz-aaNo56U

Let me know what you think!

ًں’• Don't Forget to Like & Subscribe! ًں’•

âک†Other Platformsâک†

â€¢Odyssey:
https://t.co/yWkf2d2APp?amp=1

â€¢Rumble:
https://referral.rumble.com/dszVtP5hNXYLXqL89

â€¢Backup Channel:
https://www.youtube.com/channel/UCt4dtZ67qO3xWQSImQjRnJA

â€¢Bitchute Channel:
https://www.bitchute.com/channel/a3WbPaAzRKWN/

âک†Support The Channelâک†

â€¢Become a member today!!
https://www.youtube.com/channel/UC8AGq7bm-x4teGcvQonvnPw/join

â€¢If you want to support my Channel, please check out my patreon And subscribe star below:

â€¢Patreon:
https://www.patreon.com/user?u=21542407

â€¢Subscribe star:
https://www.subscribestar.com/nerdettesnewsstand",23.0,8.0,31.0,youtube_comments_4_months_39
https://www.patreon.com/user?u=21542407,https://www.youtube.com/watch?v=g0KT9qIbBrw,"Original Video:
https://youtu.be/lbz-aaNo56U

Let me know what you think!

ًں’• Don't Forget to Like & Subscribe! ًں’•

âک†Other Platformsâک†

â€¢Odyssey:
https://t.co/yWkf2d2APp?amp=1

â€¢Rumble:
https://referral.rumble.com/dszVtP5hNXYLXqL89

â€¢Backup Channel:
https://www.youtube.com/channel/UCt4dtZ67qO3xWQSImQjRnJA

â€¢Bitchute Channel:
https://www.bitchute.com/channel/a3WbPaAzRKWN/

âک†Support The Channelâک†

â€¢Become a member today!!
https://www.youtube.com/channel/UC8AGq7bm-x4teGcvQonvnPw/join

â€¢If you want to support my Channel, please check out my patreon And subscribe star below:

â€¢Patreon:
https://www.patreon.com/user?u=21542407

â€¢Subscribe star:
https://www.subscribestar.com/nerdettesnewsstand",23.0,8.0,31.0,youtube_comments_4_months_39
https://www.subscribestar.com/nerdettesnewsstand,https://www.youtube.com/watch?v=g0KT9qIbBrw,"Original Video:
https://youtu.be/lbz-aaNo56U

Let me know what you think!

ًں’• Don't Forget to Like & Subscribe! ًں’•

âک†Other Platformsâک†

â€¢Odyssey:
https://t.co/yWkf2d2APp?amp=1

â€¢Rumble:
https://referral.rumble.com/dszVtP5hNXYLXqL89

â€¢Backup Channel:
https://www.youtube.com/channel/UCt4dtZ67qO3xWQSImQjRnJA

â€¢Bitchute Channel:
https://www.bitchute.com/channel/a3WbPaAzRKWN/

âک†Support The Channelâک†

â€¢Become a member today!!
https://www.youtube.com/channel/UC8AGq7bm-x4teGcvQonvnPw/join

â€¢If you want to support my Channel, please check out my patreon And subscribe star below:

â€¢Patreon:
https://www.patreon.com/user?u=21542407

â€¢Subscribe star:
https://www.subscribestar.com/nerdettesnewsstand",23.0,8.0,31.0,youtube_comments_4_months_39
https://youtu.be/knbVWXzL4-4,https://www.youtube.com/watch?v=kyFLRXSxgPw,If youâ€™re interested in traffic lights watch this video about traffic lights in the Netherlands: https://youtu.be/knbVWXzL4-4 . They are even more complicated! Btw right turns should have itâ€™s own lane and light at major junctions (only if there is enough space for multiple lanes) like we do here in the Netherlands. It speeds up the flow of traffic and is much safer.,25.0,6.0,31.0,youtube_comments_4_months_40
