id,url,title,description,response
jK0kNcBJvWM,https://www.youtube.com/watch?v=jK0kNcBJvWM,Johnny Depp says he &#39;never hit&#39; ex-wife Amber Heard as libel case continues,"LONDON (AP) ‚Äî Johnny Depp denied hitting ex-wife Amber Heard in a jealous rage, as he was cross-examined Wednesday by ...",because the YouTube account associated with this video has been terminated
uOB5vI32wVQ,https://www.youtube.com/watch?v=uOB5vI32wVQ,Amber Heard names new dog after Australian minister embroiled in feud||&quot;AS NEWS,Amber Heard names new dog after Australian minister embroiled in feud Amber Heard names new dog after Australian minister ...,This video has been removed by the uploader
AUDEKdWDBXE,https://www.youtube.com/watch?v=AUDEKdWDBXE,Johnny Depp and Amber Heard Abuse claims: Amber ADMITS to multiple attacks,,This video has been removed by the uploader
vM9otYEvQhc,https://www.youtube.com/watch?v=vM9otYEvQhc,JOHNNY DEPP AND AMBER HEARD | COUPLE | WHATSAPP STATUS | 4K | CAPTAIN JACK SPARROW | ATTITUDE | HD,johnnydeppandamberheard #musicuniverse #jacksparrow.,This video has been removed by the uploader
Maycm09a6qA,https://www.youtube.com/watch?v=Maycm09a6qA,(NEW AUDIO) Amber Heard &amp; Johnny Depp Secret Meeting in San Francisco,,This video has been removed by the uploader
w7d2dzs9dfQ,https://www.youtube.com/watch?v=w7d2dzs9dfQ,James Franco To Be Deposed In Johnny Depp‚Äôs Lawsuit Against Ex-Wife Amber Heard,"Actor James Franco, fresh off his first comments since being accused of sexual harassment in 2018, will be deposed as part of ...",This video has been removed by the uploader
DbWiXvKLhZo,https://www.youtube.com/watch?v=DbWiXvKLhZo,"Johnny Depp admits to &#39;challenges with alcoholism and addiction,&#39; but insists Amber Heard abuse clai","Johnny Depp admits to 'challenges with alcoholism and addiction,' but insists Amber Heard abuse claims are false Johnny Depp's ...",This video has been removed by the uploader
wijz69sJQes,https://www.youtube.com/watch?v=wijz69sJQes,Johnny v Amber Documentary | Private Investigator,Amber Heard hired a Private Investigator who only found positive things to say about Johnny Depp. #johnnydepp #amberheard.,This video has been removed by the uploader
SVqvwTx2FkI,https://www.youtube.com/watch?v=SVqvwTx2FkI,amber Heard sexy scene ü•∞ü•∞ü•∞ü•∞üòòüòòüòòüòòüòò,"amber heard status, amber heard whatsapp status, amber heard johnny depp, amber heard movie, amber heard interview, amber ...",because the YouTube account associated with this video has been terminated.
lF44yFGLkJE,https://www.youtube.com/watch?v=lF44yFGLkJE,Amber Heard Hot Scenes 4K,AmberHeard #HotScenes #Hollywood - Like - Share - Subcribe Subcribe My Channel For More KeyWords #Amberheard ...,This video has been removed by the uploader
yQhlWYputdw,https://www.youtube.com/watch?v=yQhlWYputdw,Hollywood Actress Amber Heard with her ex-husband Johnny Depp,Hollywood Actress Amber Heard with her ex-husband Johnny Depp.,This video has been removed by the uploader
Jgfms5p8Kpo,https://www.youtube.com/watch?v=Jgfms5p8Kpo,bruh amber alert,lmao ever heard of something called get good kid? (thats my bro btw),This video is private
CkK8uD9zqpo,https://www.youtube.com/watch?v=CkK8uD9zqpo,Johnny Depp &amp; Amber Heard: The Truth [Synastry Chart Reading #3],"Johnny Depp & Amber Heard: The Truth [Synastry Chart Reading #3] In today's synastry chart reading, I will be looking into ...",This video is private
WzEgnEyJBd8,https://www.youtube.com/watch?v=WzEgnEyJBd8,CNN News,"Amber Heard names new dog after Australian minister embroiled in feud Australian Deputy PM Barnaby Joyce says he has a ""real ...",because the YouTube account associated with this video has been terminated
zqkCaDxDiPU,https://www.youtube.com/watch?v=zqkCaDxDiPU,James Franco Is Now Involved in the Legal Drama Between Johnny Depp and Amber Heard,Johnny Depp's legal team reportedly plans to subpoena James Franco in relation to the defamation lawsuit against his ex-wife ...,This video has been removed by the uploader
u0ZJmpMaZ_8,https://www.youtube.com/watch?v=u0ZJmpMaZ_8,Beautiful üßúüßú Amber Heard || Hollywood Shorts ü©≥ // Jonny Deep // Gorgeous‚ù§Ô∏èüíØ Amber Heard,Dharia #shorts #shortvideo sugars and braunes song.,This video has been removed by the uploader
w0EsgOx7qjA,https://www.youtube.com/watch?v=w0EsgOx7qjA,Nh·ªØng kho·∫£nh kh·∫Øc si√™u ƒë·∫πp c·ªßa n·ªØ ch√≠nh Amber Heard trong phim Aquaman,Nh·ªØng kho·∫£nh kh·∫Øc si√™u ƒë·∫πp c·ªßa m·ªπ n·ªØ Amber Heard trong phim Aquaman ƒê·∫ø v∆∞∆°ng Atlantis Amber Heard - n·ªØ ch√≠nh bom t·∫•n ...,because the uploader has closed their YouTube account.
KqZwrGEoo4A,https://www.youtube.com/watch?v=KqZwrGEoo4A,Amber Heard Beautiful Hot Video Compilation,,
o3D6-fr2H2o,https://www.youtube.com/watch?v=o3D6-fr2H2o,Amber Heard unseen beautiful pictures ü•∞ü•∞ü•∞ü•∞,,because the uploader has closed their YouTube account
YecF6twepHY,https://www.youtube.com/watch?v=YecF6twepHY,Attractive Women Part 1 Amber Heard,"Amber Heard is an American actress. Born and raised in Texas, she made her film debut in minor supporting roles in the sports ...",This video is private
YaxaqXQmRTk,https://www.youtube.com/watch?v=YaxaqXQmRTk,mera saves AQUAMAN&#39;S father #meraaquaman #amberheard  #beautiful,,because the YouTube account associated with this video has been terminated
qk5bxGtrnCw,https://www.youtube.com/watch?v=qk5bxGtrnCw,The Danish Girl [Full&#39;]Movie&#39; (Biography) Amber Heard,[ WATCH ] The Danish Girl 2015 ONLINE ‚òõ „Äå http://full-movie-online-watch.blogspot.com/tt0810819&RMC-374 „Äç,because the YouTube account associated with this video has been terminated
MCykZi7DbTE,https://www.youtube.com/watch?v=MCykZi7DbTE,Amber Heard | Aquaman | Whatsapp Status | 4K Status | Full Screen #Wharan #Aquaman #AmberHeard,Our New Channel :- https://tinyurl.com/spm7r62d Please Subscribe Our Channel For New Gadgets Releted News And Videos.,because the uploader has closed their YouTube account
jST_-Kcrqmw,https://www.youtube.com/watch?v=jST_-Kcrqmw,Amber Heard and Johnny Depp,Amber Heard and Johnny Depp.,This video is private
1BLquh4qG3w,https://www.youtube.com/watch?v=1BLquh4qG3w,CRUSH ||Amber Heard|| WhatsApp status ‚ù£Ô∏è‚ù£Ô∏è,,This video has been removed by the uploader
gmnfp_CnejM,https://www.youtube.com/watch?v=gmnfp_CnejM,Amber Heard Aquaman Mera Whatsapp Status full screen,,This video has been removed by the uploader
1csQ6A2RB4A,https://www.youtube.com/watch?v=1csQ6A2RB4A,johnny depp gets Amber heard&#39;s phone records,JusticeForDepp #justiceforjohnnydepp #AmberHeard #phonerecords this video is about johnny depp getting access to Amber ...,because the uploader has closed their YouTube account.
3h8hZevyNrQ,https://www.youtube.com/watch?v=3h8hZevyNrQ,Nude video celebs ¬ª Amber Heard sexy  Odette Annable sexy   And Soon the Da HD,,because the YouTube account associated with this video has been terminated
Li0KuOhvm2Y,https://www.youtube.com/watch?v=Li0KuOhvm2Y,// Amber Heard // Sexy senorita üíó‚ú®//whatsapp status// Full screen//,,This video has been removed by the uploader
xKKGT2aOk2M,https://www.youtube.com/watch?v=xKKGT2aOk2M,amber heard hot in aquaman,amber heard hot in aquaman.,This video has been removed by the uploader
SxBiaMzfiVE,https://www.youtube.com/watch?v=SxBiaMzfiVE,Amber Heard fight Scene Aquaman,,
UghXRG6kccQ,https://www.youtube.com/watch?v=UghXRG6kccQ,üî¥LIVE crazy Johnny Depp and amber heard news,JusticeForDepp #livestream this live stream is about some news and tweets i found interesting i hope you guys like it.,because the uploader has closed their YouTube account.
xP5JEtWSgLQ,https://www.youtube.com/watch?v=xP5JEtWSgLQ,Amber Heard - The Curious Case To Stopping &quot;Believe All Women&quot;,I take these stories to my core.. As someone who has been a victim of these kinds of tactics.. it's disgusting and needs to end now.,This video is private
CyskO38KtsQ,https://www.youtube.com/watch?v=CyskO38KtsQ,"justice for Jack sparrow , sign petition in description",https://www.change.org/p/dc-entertainment-remove-amber-heard-from-aquaman-2?recruiter=1164578875&utm_source= ...,This video has been removed by the uploader
YKfk2F1X88Q,https://www.youtube.com/watch?v=YKfk2F1X88Q,‚úÖ  Fan-Petition: Amber Heard soll &quot;Aquaman&quot;-Rolle verlieren,Please Visit: https://www.facebook.com/Scathc/ Please Subscribe: ...,This video has been removed by the uploader
nTBnGg2slgo,https://www.youtube.com/watch?v=nTBnGg2slgo,Amber Heard blasts petitions to remove her from &#39;Aquaman 2&#39;: &#39;No basis in reality&#39;,"Following the verdict, Depp amicably exited the ""Fantastic Beasts"" film franchise, leading to supporters calling for Heard to face ...",because the YouTube account associated with this video has been terminated
#NAME?,https://www.youtube.com/watch?v=-Z0PBn4_MFc,Johnny Depp &amp; Amber Heard What&#39;s App status üíï,,This video has been removed by the uploader
_IBa6SYe-4g,https://www.youtube.com/watch?v=_IBa6SYe-4g,Johnny Depp Amber Heard Divorce Red Pill MGTOW,"I do some MGTOW Red Pill man on the street interview about Johnny Depp, Amber Heard, and Elon Musk. Check out my other ...",This video is private
iLnbnbAGDZI,https://www.youtube.com/watch?v=iLnbnbAGDZI,Amber Heard Feet,,because the YouTube account associated with this video has been terminated
tOpNC62vrls,https://www.youtube.com/watch?v=tOpNC62vrls,"AQUAMAN 2 2022/Teaser Trailer/Jason Momoa , Amber Heard (Fan Made)","Aquaman has been blinded in a mysterious event. Years have passed and soon he regains his sight. However, damage to his ...",This video has been removed by the uploader
43m_ohI-vEA,https://www.youtube.com/watch?v=43m_ohI-vEA,Amber Heard Cute Status #ytshorts,,This video has been removed by the uploader
ojGpRMOWp04,https://www.youtube.com/watch?v=ojGpRMOWp04,AMBER HEARD IS A MEDIA WHORE / PIECE OF SHIT!!! WHAT PISSES ME OFF?!?! - EPISODE 373,,This video has been removed by the uploader
Tig-pwa90uQ,https://www.youtube.com/watch?v=Tig-pwa90uQ,Amber heard 18+ scenes #hot sex,Amber Heard #hot scenes #hollywood sex scenes # Romance #18+.,because the YouTube account associated with this video has been terminated.
Lcn4qd-8Ck0,https://www.youtube.com/watch?v=Lcn4qd-8Ck0,Fuck Amber Heard Shirt Colonel Kurtz 99 Justice For Johnny Depp,Get them at: https://teechip.com/azggmxzgb Fuck Amber Heard Shirt Colonel Kurtz 99 Justice For Johnny Depp.,because the YouTube account associated with this video has been terminated
iXn9AwkaQA0,https://www.youtube.com/watch?v=iXn9AwkaQA0,Johnny Depp vs Amber Heard update,justiceforJohnnyDepp #Amberheard #update #JusticeForDepp #JohnnyDeppvsAmberHeard anther update provided by Laura B ...,because the uploader has closed their YouTube account.
B5wxBAnlFOs,https://www.youtube.com/watch?v=B5wxBAnlFOs,Haunted | Matt Bomer &amp; Amber Heard (HAPPY BIRTHDAY CHLOE!),"Hey everyone, how are you!? :D It's been a while! Anyhow, for my lovely amazing wonderful friend, Miss Chloe :D Happy belated ...",This video has been removed by the uploader
e1d4igD3IwU,https://www.youtube.com/watch?v=e1d4igD3IwU,"Amber Heard&#39;s Legal Team PANICS, Asked To Hand Over Donation Money...","Amber Heard's Legal Team PANICS, Asked To Hand Over Donation Money... The case between Johnny Depp and Amber Heard ...",This video has been removed by the uploader
5pP9HREeyuY,https://www.youtube.com/watch?v=5pP9HREeyuY,‚ù§Ô∏è amber heard ‚ù§Ô∏è johnny depp üòç love forever ‚ù§Ô∏è.......‚ù§Ô∏è,,This video has been removed by the uploader
NH3PV_8r8E4,https://www.youtube.com/watch?v=NH3PV_8r8E4,‚ù§Ô∏è... AMBER HEARD...‚ù§Ô∏è &quot;whatsapp status video&quot;üòâ,,This video has been removed by the uploader
Gaei1tDARBQ,https://www.youtube.com/watch?v=Gaei1tDARBQ,JohnnyDepp and Amber heard weird picture,,This video has been removed by the uploader
RlH5Lug3A68,https://www.youtube.com/watch?v=RlH5Lug3A68,"In court, Johnny Depp denies violence during ‚Äòtailspin‚Äô marriage","LONDON (AP) ‚Äî Johnny Depp said Thursday that his relationship with Amber Heard was ‚Äúa crime scene waiting to happen,‚Äù but ...",because the YouTube account associated with this video has been terminated.
liDfIrLegNk,https://www.youtube.com/watch?v=liDfIrLegNk,AMBER HEARD WHATSAPP STATUS ‚ù§Ô∏è‚ù§Ô∏è BEST EVER FULL SCREEN #status #short #video #youtube,I Just Editing And Published To Audience For Entertainment Purpose Only . . . #short #viral #YouTube #Itsaansharma ...,
s1BbL0T1nu8,https://www.youtube.com/watch?v=s1BbL0T1nu8,Amber Heard Caught Again- Tells Johnny the sad Truth: No one will Believe Your a Victim. My Thoughts,Amber Heard Tape 2- She Tells Johnny the sad Truth: Noone will Believe Your a Victim. #AmberHeard #JohnnyDeep Twitter: ...,This video has been removed by the uploader
asmGV_qv9T0,https://www.youtube.com/watch?v=asmGV_qv9T0,Amber Heard Tells Johnny Depp ‚Äúno one will believe you.‚Äù,,This video is private
fasYs-B5uXU,https://www.youtube.com/watch?v=fasYs-B5uXU,Paul Bettany on Texts About Amber Heard to Johnny Depp Being Public ‚Äì The Hollywood Reporter,Paul Bettany MICHAEL KOVAC/GETTY IMAGES FOR ACURAPaul Bettany says that having his text messages become part of the ...,because the YouTube account associated with this video has been terminated.
1GHidpf6Z4Y,https://www.youtube.com/watch?v=1GHidpf6Z4Y,amber heard whatsapp status full screen,"Here is My New Video . Hit Like ,Subscribe and Hit The Bell Icon For More Videos. amber heard whatsapp status full screen ...",This video has been removed by the uploader
6_x7zvrElb0,https://www.youtube.com/watch?v=6_x7zvrElb0,Amber Heard WhatsApp Status Video!! Amber Heard Love Status,Amber Heard WhatsApp Status Video!! Amber Heard Love Status Copyright Disclaimer - under section 107 of the copyright Act ...,This video has been removed by the uploader
wz70AlAmL8I,https://www.youtube.com/watch?v=wz70AlAmL8I,&quot;She Is So Mean&quot; Jason Mamoa Reaction To Working With Amber Heard,,This video has been removed by the uploader
LFs0EiWnImo,https://www.youtube.com/watch?v=LFs0EiWnImo,Petition to get Amber Heard removed from Aquaman 2 signed by 1.5m,Over 1.5 million angry fans have signed a petition to remove Amber Heard from the Aquaman 2 movie now that Johnny Depp has ...,because the YouTube account associated with this video has been terminated
WSOgN039VTI,https://www.youtube.com/watch?v=WSOgN039VTI,Aquaman Status support really 4k || Amber Heard Full Screen WhatsApp Status Ever in Full HD + || üòòüòòüòò,,because the uploader has closed their YouTube account
1H83RwI5b8M,https://www.youtube.com/watch?v=1H83RwI5b8M,JOHNNY DEPP VS AMBER HEARD UPDATE,JusticeForJohnnyDepp #JohnnyDepp #AmberHeard this video will be an update on the case in California about the LAPD.,because the uploader has closed their YouTube account.
Z9emoE_2u1U,https://www.youtube.com/watch?v=Z9emoE_2u1U,Johnny Depp vs Amber heard quick update,JusticeForJohnnyDepp #VATrial #AmberHeard in this quick video i will talking about an update on the trial the the realLauraB ...,because the uploader has closed their YouTube account.
5R-9-wpH_3I,https://www.youtube.com/watch?v=5R-9-wpH_3I,Chris Evans &amp; Scarlett Johansson Kissing Scenes | Best Kissing Scenes Captain America &amp; Black Widow,"Please watch: ""Why Do People Hate Amber Heard? | Terrible Moments Of Amber Heard"" ...",This video has been removed by the uploader
G-Z-84i3sBM,https://www.youtube.com/watch?v=G-Z-84i3sBM,Amber Heard&#39;s transparent dress is ahead of the festival!,Amber Heard's transparent dress is ahead of the festival! Hollywood star Amber Heard attends Tribeca Film Festival for the ...,This video has been removed by the uploader
UZP0O2HI-cs,https://www.youtube.com/watch?v=UZP0O2HI-cs,Amber Heard REJECTED by J K Rowling,"Amber Heard wanted to tell J K Rowling what Johnny Depp was like, but according to Dan Wootton, Rowling refused to meet them ...",This video has been removed by the uploader
nSA3ljNUQ-w,https://www.youtube.com/watch?v=nSA3ljNUQ-w,Johnny Depp &amp; Amber Heard What&#39;s App status üíï,,This video has been removed by the uploader
iS_i25_IMO0,https://www.youtube.com/watch?v=iS_i25_IMO0,"Does new Body Cam Footage show Amber Heard Lied, again? When do people start doubting her Story?","Does new Body Cam Footage show Amber Heard Lied, again? When do people start doubting her Story? #JohnnyDepp ...",This video is private
HwK0P-vU9IY,https://www.youtube.com/watch?v=HwK0P-vU9IY,AMBER HEARD WHATSAPP STATUS üé¨ BESTEVER üòòüòò ANY FANS HERE? #short #whatsapp #status,myownedits . SONG NAME :- https://youtu.be/9wjHXqf46aM . MOVIE NAME :- AQUAMAN . support me guy's please this is ...,
kMy5WJra2MM,https://www.youtube.com/watch?v=kMy5WJra2MM,Amber Heard and Johnny Deep cute üòò Whatsapp Status || Johnny depp kiss üíã Amber Heard in Public ||, úÃ≤·¥ÖÃ≤ QÃ≤·¥úÃ≤·¥ÄÃ≤ üÃ≤…™Ã≤·¥õÃ≤ èÃ≤ ·¥ÄÃ≤·¥†Ã≤·¥ÄÃ≤…™Ã≤ üÃ≤·¥ÄÃ≤ ôÃ≤ üÃ≤·¥áÃ≤ Ã≤ Use Headphones Social ‚ú® Instagram ...,because the uploader has closed their YouTube account.
Yuy5U582OvA,https://www.youtube.com/watch?v=Yuy5U582OvA,"AQUAMAN 2 (2022) Teaser Trailer - Jason Momoa, Amber Heard (Fan Made)",,This video has been removed by the uploader
Dd_ovT7b_pI,https://www.youtube.com/watch?v=Dd_ovT7b_pI,AQUAMAN ‚ù§Ô∏è| Amber Heard | whatsapp Status | full screen | full hd 2k 60fps | #shorts #youtube #viral,I Just Editing And Published To Audience For Entertainment Purpose Only . . #shorts #shortsvideo #youtubeshorts . . #short ...,
MoctdSpEhz0,https://www.youtube.com/watch?v=MoctdSpEhz0,Nude video celebs ¬ª Amber Heard sexy   Machete Kills 2013 HD,,because the YouTube account associated with this video has been terminated
cTG0VzSjcF8,https://www.youtube.com/watch?v=cTG0VzSjcF8,Amber Heard | Hollywood | Happy Birthday Amber | Sachcha Bachcha,"Amber Heard Amber Laura Heard (born April 22, 1986) is an American actress and model. Born and raised in Texas, she made ...",because the YouTube account associated with this video has been terminated
85s7P3tB0X4,https://www.youtube.com/watch?v=85s7P3tB0X4,Johnny Depp &#39;smashes up kitchen and throws wine bottle to the floor in drunken rage at Amber Heard&#39;,Heard shows up at court with her crew hours in the wake of hitting the town with her sister until the early morning - as Johnny ...,This video has been removed by the uploader
-23ZWhbB_no,https://www.youtube.com/watch?v=-23ZWhbB_no,AMBER HEARD&#39;S FRIEND SUPPORT JOHNNY DEPP OVER THE ABUSE AGAINST HIM,Johnny Depp has found an unlikely ally in his ongoing court battle with Amber Heard ‚Äî the actress' ‚Äúfriend‚Äù and interior designer!,This video has been removed by the uploader
zUc_HTG1ly4,https://www.youtube.com/watch?v=zUc_HTG1ly4,Amber Heard vs. Johnny Depp: She tells her side; sister&#39;s crucial testimony questioned,"Week three in the trial of Johnny Depp's libel lawsuit in London closed with Amber Heard as the star witness, spending four days ...",because the YouTube account associated with this video has been terminated.
vESDw-u0Fak,https://www.youtube.com/watch?v=vESDw-u0Fak,Amber Heard says she ‚Äòdid not want to expose‚Äô Johnny Depp,LONDON (AP) ‚Äî Amber Heard insisted Thursday that she never wanted the world to know the details of her years of alleged ...,because the YouTube account associated with this video has been terminated
Tl3hK0i_63s,https://www.youtube.com/watch?v=Tl3hK0i_63s,JACK SPARROW ATTITUDE WHATSAPP STATUS | JOHNNY DEPP ATTITUDE WHATSAPP STATUS,Johnny depp attitude whatsapp status johnny depp and amber heard whatsapp status elon musk Johnny depp whatsapp status ...,This video has been removed by the uploader
wHWEmFL9zGY,https://www.youtube.com/watch?v=wHWEmFL9zGY,Pirates of the Caribbean #Captain Jack Sparrow(Johnny Depp) &amp; Aquaman Mera(Amber Heard)#yt shortsüòçüò≠üíî,Pirates of the Caribbean Captain Jack Sparrow (Johnny Depp) Fictional character & Aquaman Mera (Amber Heard) #Comic book ...,This video has been removed by the uploader
IJnfVv5wRtE,https://www.youtube.com/watch?v=IJnfVv5wRtE,Jonny Depp &amp; Amber Heard lovely attitude entry wats app status ‚ù§Ô∏è,amberheard @amberhear.d #jonnydepp @johnny.depp.edit.,This video has been removed by the uploader
b8i-Mn4Cpqo,https://www.youtube.com/watch?v=b8i-Mn4Cpqo,#amberHeard #adultmovies  ‡Æ®‡ÆÆ‡Øç‡ÆÆ Captain jacksparrow ‡Æú‡Ææ‡Æ©‡Æø ‡Æü‡Øá‡Æ™‡Øç Ex wife Amber Heard ‡Æ®‡Æü‡Æø‡Æö‡Øç‡Æö 5 sex movies,,because the YouTube account associated with this video has been terminated
3yi2_iamQ3o,https://www.youtube.com/watch?v=3yi2_iamQ3o,LA FALSA ACUSACI√ìN DE AMBER HEARD A JOHNNY DEPP QUE ARRUIN√ì SU CARRERA (AUDIOS),"HOLA AMIGOS ! Johnny Depp, uno de los actores mas reconocidos en hollywood, hace un tiempo fue acusado por su ex esposa ...",This video has been removed by the uploader
TUKidlAfKIQ,https://www.youtube.com/watch?v=TUKidlAfKIQ,&quot;He&#39;s Innocent&quot; Robert Downey Jr Defends Johnny Depp Against Amber Heard,"""He's Innocent"" Robert Downey Jr Defends Johnny Depp Against Amber Heard #celebrity #johnnydepp #amberheard ...",This video has been removed by the uploader
UOsWptVC5EQ,https://www.youtube.com/watch?v=UOsWptVC5EQ,Amber Heard Hot Kissing Scenes 4K || London Fields,,This video has been removed by the uploader
6QoAvj4B1k8,https://www.youtube.com/watch?v=6QoAvj4B1k8,Amber Heard 5 Gorgeous Beauty Video,,
YnqrjNhA7Wo,https://www.youtube.com/watch?v=YnqrjNhA7Wo,Amber Heard Looking Beautiful Gorgeous Hoty Video Clip,,
mUmcrb_LOd8,https://www.youtube.com/watch?v=mUmcrb_LOd8,Amber Heard Beautiful Video,,
aEEBXLfGoLY,https://www.youtube.com/watch?v=aEEBXLfGoLY,Amber Heard WhatsApp Status | Just Shorts | YouTube Shorts,"Amber Heard WhatsApp Status | Just Shorts | YouTube Shortsamber heard whatsapp status,amber heard,amber heard status ...",This video has been removed by the uploader
vZ2PhQFJkIE,https://www.youtube.com/watch?v=vZ2PhQFJkIE,Amber Heard update/Aquaman 2 portion update,justiceforjohnnydepp #amberheard #aquaman2 this is an update on the aquaman 2 portion it made to 1.8 million signatures on it ...,because the uploader has closed their YouTube account.
iNhSnK5rpms,https://www.youtube.com/watch?v=iNhSnK5rpms,Aquaman and the Lost Kingdom | FULL MOVIE FACTS HD | Jason Momoa | Amber Heard | ROWDY RAYO,"aquaman and the last kingdom, aquaman and the lost kingdom trailer, aquaman and the lost kingdom full movie, aquaman and ...",This video is private
TMLkVWOW990,https://www.youtube.com/watch?v=TMLkVWOW990,Amber Heard .New video # Alan Walker Ava Max ..Alone part 2.      # Raja Naveed ....@ Arru.,,This video has been removed by the uploader
2zGeJBcKed8,https://www.youtube.com/watch?v=2zGeJBcKed8,Amber Heard Aquaman Mera Whatsapp Status full screen,Amber Heard Aquaman Mera Whatsapp Status full screen.,This video has been removed by the uploader
i6H-l87GR1o,https://www.youtube.com/watch?v=i6H-l87GR1o,amber Heard whatsapp status best ever,,This video has been removed by the uploader
wL9LFlDM8UM,https://www.youtube.com/watch?v=wL9LFlDM8UM,&quot;Amber heard&quot;‚ú® New üíó whatsapp status video ....#Shorts,whatsapps_status #shorts#Ambervideo.,This video has been removed by the uploader
RLWyTEfzN6g,https://www.youtube.com/watch?v=RLWyTEfzN6g,aquaman mera WhatsApp status in vertical | Amber heard #shorts,,This video has been removed by the uploader
MvyYwCPD9DA,https://www.youtube.com/watch?v=MvyYwCPD9DA,Amber Heard attitude üòéüî•üí™ aquaman WhatsApp status full HD amber Heard hd clip V2K #short #shorts,,This video has been removed by the uploader
0aja7dkWLqk,https://www.youtube.com/watch?v=0aja7dkWLqk,Petition To Remove Amber Heard From Aquaman 2 Reaches One Million Justice For Johnny Might Happen,aquman2 #dc #amberheard #johnnydepp.,This video is private
#NAME?,https://www.youtube.com/watch?v=-imLDjgZdmY,WILL AMBER HEARD BE REMOVED FROM AQUAMAN 2?,"Hi everybody! I am an intuitive tarot reader, and am here to help us all navigate these earthly linear transitional times, ...",
1owj9WViFyA,https://www.youtube.com/watch?v=1owj9WViFyA,Johnny Depp accuses Amber Heard of hitting him with &#39;roundhouse punch&#39; near end of their marriage,LONDON (AP) ‚Äî Johnny Depp accused Amber Heard of hitting him with a ‚Äúhaymaker‚Äù punch during an altercation near the end ...,because the YouTube account associated with this video has been terminated
5lqD7FlkZMI,https://www.youtube.com/watch?v=5lqD7FlkZMI,Johnny Depp&#39;s former bandmate says Amber Heard &#39;f***ed his career over&#39; and drove him to abuse drugs,Thank you for watching video! Subscribe to our channel for more latest videos! CLICK HERE TO SUBSCRIBE: https://bit.ly/3tjAbhJ ...,This video has been removed by the uploader
m38KQE8rIp8,https://www.youtube.com/watch?v=m38KQE8rIp8,How Amber Heard Destroyed Johnny Depp,Johnny Depp Attacked By Amber Heard Fan #johnnydepp #amberheard #celebrity.,This video has been removed by the uploader
ws7mDw0Lkfs,https://www.youtube.com/watch?v=ws7mDw0Lkfs,Johnny Depp vs Amber Heard update I O tiliet and CHLA subpoena,Justicefordepp #amberheard www.youtube.com/channel/UCH8n9uYrgcCldETerjgh3-w?sub_confirmation=1 this video is about ...,because the uploader has closed their YouTube account.
d840h15Jsf4,https://www.youtube.com/watch?v=d840h15Jsf4,#Amber Heard wonderful Pictures,"Amber Heard Pictures, Hollywood Actress. This video is collection of Beautiful Stunning Pictures of Amber Heard. All her styles of ...",This video has been removed by the uploader
Wr8JUg4VySw,https://www.youtube.com/watch?v=Wr8JUg4VySw,Johnny Depp Fired From Fantastic Beasts 3 Are You Serious Warner Bros.,warnerbros #fantasicbeasts #johnnydepp #amberheard.,This video is private
5sdru8c0Y1E,https://www.youtube.com/watch?v=5sdru8c0Y1E,"AQUAMAN 2 (2022) Teaser Trailer - Jason Momoa, Amber Heard (Fan Made)","aquaman2teaser trailer,aquaman 2 official teaser trailer,aquaman 2 release date,aquaman 2 trailer,aquaman 2 movie trailer ...",This video has been removed by the uploader
BA4fCDMAoIo,https://www.youtube.com/watch?v=BA4fCDMAoIo,Amber Heard signing autographs in Los Angeles on 2/8/20,Check out my ebay store for great autographed memorabilia: http://stores.ebay.com/All-Star-Signatures-LLC.,This video is private
I6is9F-88w4,https://www.youtube.com/watch?v=I6is9F-88w4,üî•Amber Heard Hot ULTRA HD Vertical Edit | Amber Heard Hot Scenes Compilation,,because the YouTube account associated with this video has been terminated
g9eoBmqGgEU,https://www.youtube.com/watch?v=g9eoBmqGgEU,Johnny Depp vs Amber heard update on the VA trial,Justiceforjohnnydepp #JohnnyDeppvsAmberheard #VATrial this video is a VA trial and a Johnny Depp vs amber heard update i ...,because the uploader has closed their YouTube account.
C29Umk9TLUk,https://www.youtube.com/watch?v=C29Umk9TLUk,"Johnny Depp, Amber Heard: Inside a Liar&#39;s Mind","Here's my latest in ""let's dig into the brain of the incomprehensible"", and this time, how Amber Heard's type of thinker processes ...",This video has been removed by the uploader
7QYsBPN2Ou0,https://www.youtube.com/watch?v=7QYsBPN2Ou0,Amber Heard WhatsApp Status 4K üí•| Amber Heard WhatsApp Status HD | Drake - One Dance WhatsApp Status,Follow And Stay Connected ‚ö° ‚ñª Instagram : https://www.instagram.com/vns_bgm/ ‚ñª Facebook : https://m.facebook.com/vns.bgm/ ...,This video has been removed by the uploader
b9DtsZGADhg,https://www.youtube.com/watch?v=b9DtsZGADhg,Amber Heard : Johnny Depp l&#39;accuse d&#39;avoir arnaqu√© des associations caritatives,"Acte 12, sc√®ne 136. Alors qu'il a perdu son proc√®s en diffamation contre le journal The Sun, qui le d√©crivait comme un homme ...",This video is private
AXnq6M_dRfk,https://www.youtube.com/watch?v=AXnq6M_dRfk,amber Heard hot and sexy sceneüî•üî•üî•üî•,"amber heard status, amber heard whatsapp status, amber heard johnny depp, amber heard movie, amber heard interview, amber ...",because the YouTube account associated with this video has been terminated.
2JaBD_gfLG4,https://www.youtube.com/watch?v=2JaBD_gfLG4,‚ú®ŒîŒúŒ≤‚Ç¨≈ò ƒ¶‚Ç¨Œî≈òƒê #amberheard,,This video has been removed by the uploader
l-lUi1gl6bw,https://www.youtube.com/watch?v=l-lUi1gl6bw,Amber heard wattsaap status,amber heard wattsaap status.,This video has been removed by the uploader
fcMacpoBp0o,https://www.youtube.com/watch?v=fcMacpoBp0o,Amber Heard rare hot bikini hot stars,"Amber Laura Heard (born April 22, 1986) is an American film and television actress. After a series of small roles in film and ...",This video has been removed by the uploader
hWB4C8pVm_Q,https://www.youtube.com/watch?v=hWB4C8pVm_Q,AMBER HERD | OLA LA | JASON MOMOA | AQAMEN | HD WHATSAPP STATUS | [HD]#shorts,Amber Herd HD WhatsApp status. #shorts #youtubeshorts #uploadyoutubeshorts.,This video has been removed by the uploader
