link,count,n_users
https://www.rainn.org/about-national-sexual-assault-telephone-hotline,1,1
http://www.hotpeachpages.net/a/countries.html,1,1
https://1in6.org/,1,1
http://1in6.org/chat-with-someone/,1,1
http://www.befrienders.org/,1,1
http://www.suicidepreventionlifeline.org/,1,1
https://redd.it/e0a4mn,5,1
https://www.instagram.com/celebtag,5,1
https://preview.redd.it/p2wcbwuidk861.gif?format=mp4&s=5772a40b2c5ad089d407a780d8a94c332b09ab6b,1,1
https://np.reddit.com/r/anti_gif_bot/wiki/index,1,1
https://np.reddit.com/message/compose?to=MrWasdennnoch,1,1
https://github.com/wasdennnoch/reddit-anti-gif-bot,1,1
https://i.imgur.com/njajazj.png,1,1
https://web.archive.org/20201230211235/http://old.reddit.com/r/SubredditDrama/comments/knay25/rdc_cinematic_argues_over_amber_heard_being_in/,1,1
https://archive.today/?run=1&url=http%3A%2F%2Fold.reddit.com%2Fr%2FSubredditDrama%2Fcomments%2Fknay25%2Frdc_cinematic_argues_over_amber_heard_being_in%2F,1,1
https://web.archive.org/20201230211318/http://old.reddit.com/r/DC_Cinematic/comments/kdcjy9/article_amber_heard_is_super_excited_for_zack/gfwb5t1/,1,1
https://archive.today/?run=1&url=http%3A%2F%2Fold.reddit.com%2Fr%2FDC_Cinematic%2Fcomments%2Fkdcjy9%2Farticle_amber_heard_is_super_excited_for_zack%2Fgfwb5t1%2F,1,1
https://web.archive.org/20201230211432/http://old.reddit.com/r/DC_Cinematic/comments/kdcjy9/article_amber_heard_is_super_excited_for_zack/gfvqtmq/,1,1
https://archive.today/?run=1&url=http%3A%2F%2Fold.reddit.com%2Fr%2FDC_Cinematic%2Fcomments%2Fkdcjy9%2Farticle_amber_heard_is_super_excited_for_zack%2Fgfvqtmq%2F,1,1
https://web.archive.org/20201230211529/http://old.reddit.com/r/DC_Cinematic/comments/kdcjy9/article_amber_heard_is_super_excited_for_zack/gfvsp4f/,1,1
https://archive.today/?run=1&url=http%3A%2F%2Fold.reddit.com%2Fr%2FDC_Cinematic%2Fcomments%2Fkdcjy9%2Farticle_amber_heard_is_super_excited_for_zack%2Fgfvsp4f%2F,1,1
https://web.archive.org/20201230211556/http://old.reddit.com/r/DC_Cinematic/comments/kdcjy9/article_amber_heard_is_super_excited_for_zack/,1,1
https://archive.today/?run=1&url=http%3A%2F%2Fold.reddit.com%2Fr%2FDC_Cinematic%2Fcomments%2Fkdcjy9%2Farticle_amber_heard_is_super_excited_for_zack%2F,1,1
https://www.looktothestars.org/charity/actors-fund-of-america,2,1
https://www.looktothestars.org/charity/annual-duesenberg-imperial-ball,2,1
https://www.looktothestars.org/charity/childrens-hospice-and-palliative-care-coalition,2,1
https://www.looktothestars.org/charity/childrens-hospital-los-angeles,2,1
https://www.looktothestars.org/charity/dogs-deserve-better,2,1
https://www.looktothestars.org/charity/environmental-justice-foundation,2,1
https://www.looktothestars.org/charity/great-ormond-street-hospital,2,1
https://www.looktothestars.org/charity/helen-douglas-house,2,1
https://www.looktothestars.org/charity/julian-house,2,1
https://www.looktothestars.org/charity/much-love,2,1
https://www.looktothestars.org/charity/northampton-welfare-rights-advice-service,2,1
https://www.looktothestars.org/charity/orca-network,2,1
https://www.looktothestars.org/charity/parkinson-society-maritime-region,2,1
https://www.looktothestars.org/charity/project-home,2,1
https://www.looktothestars.org/charity/ronald-mcdonald-house-charities,2,1
https://www.looktothestars.org/charity/sophies-gift,2,1
https://www.looktothestars.org/charity/the-art-of-elysium,2,1
https://www.looktothestars.org/charity/unite-for-japan,2,1
https://www.looktothestars.org/charity/war-child,2,1
https://www.instagram.com/p/CJRBzrpsRtw/?utm\_source=ig\_embed**,4,1
https://www.instagram.com/p/CJRBzrpsRtw/?utm_source=ig_embed,4,1
https://www.fr24news.com/a/2020/07/johnny-depp-kisses-a-fan-who-gave-him-flowers-in-court-after-the-sixth-day-of-the-defamation-trial.html**,4,1
https://www.fr24news.com/a/2020/07/johnny-depp-kisses-a-fan-who-gave-him-flowers-in-court-after-the-sixth-day-of-the-defamation-trial.html,4,1
https://www.reddit.com/r/JusticeForJohnnyDepp/comments/jx7ilz/its\_so\_saddening\_how\_he\_played\_if\_off\_so\_well/,3,1
https://www.reddit.com/r/JusticeForJohnnyDepp/comments/jx7ilz/its_so_saddening_how_he_played_if_off_so_well/,3,1
https://www.reddit.com/r/JusticeForJohnnyDepp/comments/jr7e4h/i\_hope\_he\_knows\_the\_internet\_is\_with\_him/,3,1
https://www.reddit.com/r/JusticeForJohnnyDepp/comments/jr7e4h/i_hope_he_knows_the_internet_is_with_him/,3,1
https://redd.it/ipsjip,24,1
https://www.whats-on-netflix.com/news/did-netflix-remove-johnny-depp-movies/,2,1
https://jerkofftocelebs.com/actors/,35,1
https://jerkofftocelebs.com/pictures/,35,1
https://reddit.com/r/JerkOffToGermanCelebs/,15,1
https://jerkofftocelebs.com/,36,1
https://discord.gg/FMhrH2j,36,1
https://jerkofftocelebs.com/reddit-nsfw-list/,35,1
https://reddit.com/message/compose?to=/r/polls&subject=I,1,1
old.reddit.com/r/polls/comments/kmjwge/-/%0A%0A**Why,1,1
https://redd.it/ghj57g,1,1
https://www.reddit.com/message/compose?to=/r/rareinsults,1,1
http://old.reddit.com/u/AgentJ777/overview,1,1
https://www.reddit.com/r/help/comments/au5t4i/post_karma_vs_comment_karma/eh5tgck/,9,1
https://reddit.com/message/compose?to=/r/dankmemes,7,1
https://dankahoot.com/blame?id=klpt8v,1,1
http://www.reddit.com/r/insanepeoplefacebook/about/sidebar,1,1
http://www.reddit.com/r/insanepeoplefacebook/about/rules,1,1
https://www.reddit.com/message/compose?to=/r/insanepeoplefacebook&subject=&message=,1,1
http://old.reddit.com/u/Cxm-/overview,1,1
https://www.youtube.com/watch?v=uretrfMA-Io,4,2
https://redditsave.com/info?url=/r/awfuleverything/comments/klgyqp/fuck_amber_heard_by_la_tre_clays_give_em_some/,1,1
https://np.reddit.com/user/SaveVideo/comments/jv323v/info/,3,1
https://np.reddit.com/message/compose/?to=Kryptonh&subject=Feedback,3,1
https://np.reddit.com/message/compose/?to=Kryptonh&subject=Content,3,1
https://ko-fi.com/getvideo,1,1
https://en.wikipedia.org/wiki/Sea_lioning,2,1
http://www.reddit.com/message/compose?to=%2Fr%2FNoStupidQuestions,4,2
https://www.reddit.com/r/AskReddit/wiki/index#wiki_-rule_3-,15,1
http://www.reddit.com/r/AskReddit/wiki/index#wiki_-rule_5-,3,1
http://www.reddit.com/r/AskReddit/wiki/index#wiki_-rule_1-,7,1
https://www.reuters.com/article/britain-people-depp/johnny-depp-is-a-wife-beater-uk-judge-rules-in-libel-case-idUSKBN27H1UB,2,1
https://youtu.be/uretrfMA-Io,5,3
https://www.youtube.com/channel/UCg0C-N_MPYYOXyF4T3jMxNQ,1,1
https://www.youtube.com/watch?v=Cg9SvQSMnoE&t=6s,1,1
https://www.news.com.au/entertainment/celebrity-life/amber-heard-admits-hitting-exhusband-johnny-depp-in-explosive-audio-confession/news-story/46adc1ea93740088adf3ff9e0410b590,1,1
https://theblast.com/c/johnny-depp-amber-heard-audio-released-domestic-violence-hitting-punching-victim-recording,1,1
https://www.google.com/amp/s/www.screengeek.net/2020/02/07/amber-heard-johnny-depp-full-leaked-audio-recording/amp/,1,1
https://www.google.com/amp/s/www.dailymail.co.uk/news/article-7966723/amp/Amber-Heard-ridicules-Johnny-Depp-claiming-hes-domestic-violence-victim.html,1,1
https://www.screengeek.net/2020/02/07/amber-heard-johnny-depp-full-leaked-audio-recording/,1,1
https://youtu.be/4IHLUT20zDU,1,1
https://www.chla.org/donor-honor-roll,4,1
https://dankahoot.com/blame?id=kipnol,1,1
https://www.reddit.com/r/Showerthoughts/wiki/rules,3,1
https://www.reddit.com/r/Showerthoughts/wiki/faq,3,1
https://www.reddit.com/r/Showerthoughts/wiki/t0q,3,1
http://old.reddit.com/u/Apple20674/overview,1,1
https://www.reddit.com/r/explainlikeimfive/wiki/detailed_rules,2,2
https://old.reddit.com/message/compose?to=%2Fr%2Fexplainlikeimfive&subject=Please%20review%20my%20thread?&message=Link:%20https://www.reddit.com/r/explainlikeimfive/comments/ki7oqo/-/%0A%0APlease%20answer%20the%20following%203%20questions:%0A%0A1.%20The%20concept%20I%20want%20explained:%0A%0A2.%20Link%20to%20the%20search%20you%20did%20to%20look%20for%20past%20posts%20on%20the%20ELI5%20subreddit:%0A%0A3.%20How%20is%20this%20post%20unique,1,1
http://old.reddit.com/u/ThatPXLGuy/overview,1,1
https://www.google.com.au/amp/s/www.insider.com/johnny-depp-amber-heard-relationship-timeline-2020-7%3famp,1,1
https://youtu.be/XiuUzvZMyro,1,1
https://twitter.com/ifod_net/status/1025299758536110080?s=19,1,1
https://www.independent.co.uk/news/people/johnny-depp-amber-heard-divorce-read-statement-full-settlement-charity-donation-a7198621.html,1,1
https://twitter.com/LauraBockov/status/1340403775215988736?s=09,1,1
https://twitter.com/RubiksGlass/status/1327389636184973314?s=19,1,1
https://towardsdatascience.com/how-statistically-biased-is-our-news-f28f0fab3cb3,1,1
https://apnews.com/article/d9facc64744ccf47f91122f6f95000a3,1,1
https://apnews.com/article/newspapers-entertainment-amber-heard-london-tabloids-eb333aff0ce827e2976e7835ca1f99c1,1,1
https://apnews.com/article/entertainment-international-news-celebrity-violence-amber-heard-01b29ba44eb5f92e613b33a210986bf5,1,1
https://apnews.com/article/ap-top-news-international-news-trials-newspapers-entertainment-fade699882c0208520fa3622c4c7f437,1,1
https://www.reuters.com/article/us-britain-people-depp-heard-factbox-idUSKBN27I14R,1,1
https://www.abc.net.au/news/2020-11-02/johnny-depp-loses-libel-case-in-uk-court-wife-beater-amber-heard/12840998,1,1
https://www.wsj.com/articles/johnny-depp-loses-libel-case-against-british-tabloid-11604354553?mod=searchresults_pos2&page=1,1,1
https://www.cbsnews.com/news/johnny-depp-loses-libel-case-against-the-sun-tabloid-newspaper/,1,1
https://www.bbc.com/news/entertainment-arts-54506759,1,1
https://change.org,1,1
https://www.change.org/p/warner-brothers-replace-amber-heard-in-justice-league-with-danny-devito-in-a-wig,1,1
https://www.reddit.com/r/funny/wiki/rules#wiki_3._no_reposts,2,1
https://www.reddit.com/r/funny/wiki/rules#wiki_what_is_a_meme.3F,2,1
http://old.reddit.com/u/ChianoPicken/overview,1,1
http://www.reddit.com/message/compose/?to=/r/AskWomen&subject=Why+was+this+removed?&message=\,1,1
https://old.reddit.com/r/AskWomen/comments/kh52bf/-/\,1,1
http://www.reddit.com/r/askwomen/wiki/rules,1,1
http://www.reddit.com/r/askwomen/wiki/index,1,1
http://www.reddit.com/rules/,1,1
http://www.reddit.com/wiki/reddiquette,1,1
https://en.wikipedia.org/wiki/Psychological,1,1
https://np.reddit.com/user/wikipedia_text_bot/comments/jrn2mj/about_me/,3,1
https://np.reddit.com/user/wikipedia_text_bot/comments/jrti43/opt_out_here/,3,1
https://np.reddit.com/comments/k9hx22,3,1
https://np.reddit.com/user/wikipedia_text_bot/comments/ka4icp/opt_in_for_the_new_system/,2,1
https://www.reddit.com/r/NoahGetTheBoat/wiki/rules,1,1
https://www.reddit.com/r/NoahGetTheBoat/comments/fgmg3t/guidelines_for_the_subreddit_read_and_follow_the/,1,1
https://www.youtube.com/watch?v=3m8B2fx1if0,2,1
"https://www.harrywalker.com/speakers?terms=Amber,Heard",2,1
"https://www.harrywalker.com/speakers/amber-heard?ret=search&terms=Amber,Heard&y=0",2,1
https://i.pinimg.com/736x/ec/98/d0/ec98d00523bbf1d5416806a59d39c2ad.jpg,1,1
https://th.bing.com/th/id/OIP.EkWGybHRV1zVwWy7G6w_IgHaEK?pid=Api&rs=1,1,1
http://www.reddit.com/r/nottheonion/about/sidebar,1,1
http://www.reddit.com/r/nottheonion/about/rules,1,1
https://www.reddit.com/message/compose?to=/r/nottheonion&subject=&message=,1,1
http://www.reddit.com/r/nottheonion/wiki/expanded,1,1
https://www.reddit.com/r/nottheonion/wiki/nto101,7,2
http://www.reddit.com/message/compose?to=%2Fr%2Fnottheonion,1,1
https://www.reddit.com/r/TranscribersOfReddit/wiki/checklist,2,1
https://www.reddit.com/r/TranscribersOfReddit/wiki/formats/images/no_text,2,1
https://www.reddit.com/r/TranscribersOfReddit/wiki/formats/images/text,2,1
https://www.reddit.com/r/TranscribersOfReddit/wiki/formats/images/greentext,2,1
https://www.reddit.com/r/TranscribersOfReddit/wiki/formats/images/reddit,2,1
https://www.reddit.com/r/TranscribersOfReddit/wiki/formats/images/socialmedia,2,1
https://www.reddit.com/r/TranscribersOfReddit/wiki/formats/images/comics,2,1
https://www.reddit.com/r/TranscribersOfReddit/wiki/formats/images/gifs,2,1
https://www.reddit.com/r/TranscribersOfReddit/wiki/formats/images/textmessages,2,1
https://www.reddit.com/r/TranscribersOfReddit/wiki/formats/images/code,2,1
https://www.reddit.com/r/TranscribersOfReddit/wiki/formats/images/meme,2,1
https://www.reddit.com/r/TranscribersOfReddit/wiki/formats/images/quora,2,1
https://www.reddit.com/r/TranscribersOfReddit/wiki/formats/images/polls,2,1
https://www.reddit.com/r/TranscribersOfReddit/wiki/formats/images/other,2,1
https://www.reddit.com/r/TranscribersOfReddit/wiki/examples/images,2,1
https://www.reddit.com/message/compose?to=%2Fr%2FTranscribersOfReddit&subject=General%20Question&message=,2,1
https://www.reddit.com/r/TranscribersOfReddit/wiki/index,8,2
https://github.com/GrafeasGroup/tor,6,2
https://www.reddit.com/message/compose?to=%2Fr%2FTranscribersOfReddit&subject=Bot%20Question&message=,6,2
https://old.reddit.com/r/NoStupidQuestions/wiki/index/faq,2,2
https://www.reddit.com/r/todayilearned/comments/1d6uw9/til_that_50_of_domestic_violence_is_reciprocal_53/,1,1
https://www.google.com/url?sa=t&source=web&rct=j&url=https://www.cambridge.org/core/journals/the-psychiatrist/article/domestic-violence-is-most-commonly-reciprocal/C5432B0C6F8F61B49A4E2B60B931FA07&ved=2ahUKEwjIk_aEm9TtAhXUQxUIHZtkCJMQFjABegQIBBAB&usg=AOvVaw1PlTY8nyPkf58m_APOS8ek&cshid=1608180510280,1,1
https://dankahoot.com/blame?id=kedt59,1,1
http://old.reddit.com/u/sloopygfuel/overview,1,1
https://www.reddit.com/r/nottheonion/wiki/nto101#wiki_rule_4.3A__use_original.2C_reliable_sources,3,1
https://www.reddit.com/r/nottheonion/wiki/autoremoval,6,1
https://www.reddit.com/r/nottheonion/wiki/nto101#wiki_rule_10.3A__no_mobile_versions,3,1
https://old.reddit.com/message/compose?to=%2Fr%2Fexplainlikeimfive&subject=Please%20review%20my%20thread?&message=Link:%20https://www.reddit.com/r/explainlikeimfive/comments/kec77p/-/%0A%0APlease%20answer%20the%20following%203%20questions:%0A%0A1.%20The%20concept%20I%20want%20explained:%0A%0A2.%20Link%20to%20the%20search%20you%20did%20to%20look%20for%20past%20posts%20on%20the%20ELI5%20subreddit:%0A%0A3.%20How%20is%20this%20post%20unique,1,1
https://youtu.be/aca0KWoHtqQ,1,1
https://youtu.be/Cg9SvQSMnoE,1,1
https://youtu.be/eWijmDzZeJU,1,1
https://wompampsupport.azureedge.net/fetchimage?siteId=7575&v=2&jpgQuality=100&width=700&url=https%3A%2F%2Fi.kym-cdn.com%2Fentries%2Ficons%2Ffacebook%2F000%2F018%2F489%2Fnick-young-confused-face-300x256-nqlyaa.jpg,2,1
https://youtu.be/81mNRaxLbeE,2,1
https://youtu.be/Lc4hf4w7QXA,2,1
https://www.ranker.com/list/celebrities-charged-with-domestic-abuse/celebrity-lists,2,1
https://www.theguardian.com/film/2016/may/04/lee-daniels-apologizes-sean-penn-allegations-abuse-madonna,1,1
https://www.theguardian.com/music/2015/dec/18/madonna-says-sean-penn-never-hit-her-as-she-offers-evidence-for-her-ex-husband,1,1
https://www.theguardian.com/film/2020/nov/02/johnny-depp-trial-how-the-judge-ruled-on-14-alleged-assaults,1,1
https://www.hollywoodreporter.com/features/hes-radioactive-inside-johnny-depps-self-made-implosion?utm_source=pocket-newtab,1,1
https://www.irishexaminer.com/lifestyle/celebrity/arid-40074653.html,1,1
https://www.ncbi.nlm.nih.gov/pmc/articles/PMC1854883/,2,1
https://www.judiciary.uk/wp-content/uploads/2020/11/Judgment-FINAL.pdf,3,2
https://www.thesun.co.uk/wp-content/uploads/2020/07/NINTCHDBPICT000594532912.jpg?strip=all&w=720,1,1
https://twitter.com/adam\_waldman/status/1298662860990615553,1,1
https://twitter.com/adam_waldman/status/1298662860990615553,1,1
https://www.hollywoodreporter.com/features/hes-radioactive-inside-johnny-depps-self-made-implosion,2,1
https://youtu.be/0oe2Tfix9-k,1,1
https://youtu.be/qD5OeOKkhXM,1,1
https://youtu.be/V7lg69VFSY8,1,1
https://www.youtube.com/watch?v=t2HJB8M5lD4,2,1
https://www.nickwallis.com/judgment,1,1
https://themindsjournal.com/reactive-abuse/,1,1
https://www.reddit.com/r/awfuleverything/comments/kdznjp/amber_heard_hired_for_33000_per_talk_in_domestic/gg1rexw/,1,1
https://www.reddit.com/r/awfuleverything/comments/kdznjp/amber_heard_hired_for_33000_per_talk_in_domestic/gg1oqze/,1,1
https://www.reddit.com/r/awfuleverything/comments/kdznjp/amber_heard_hired_for_33000_per_talk_in_domestic/gg1mnk0/,1,1
https://www.reddit.com/r/awfuleverything/comments/kdznjp/amber_heard_hired_for_33000_per_talk_in_domestic/gg0g6be/,1,1
https://www.merriam-webster.com/dictionary/criminal,1,1
https://www.merriam-webster.com/dictionary/convict,1,1
https://meteamedia.org/17260/spotlight/toxic-masculinity-influences-mens-mental-health/,1,1
https://anzmh.asn.au/mental-health/mens-mental-health-toxic-masculinity/,1,1
https://nomas.org,1,1
https://www.theduluthmodel.org/wp-content/uploads/2017/03/PowerandControl.pdf,1,1
https://www150.statcan.gc.ca/n1/daily-quotidien/110127/dq110127a-eng.htm,1,1
https://www.law.umich.edu/newsandinfo/features/Pages/starr_gender_disparities.aspx,1,1
https://www.reddit.com/message/compose?to=%2Fr%2Fcursedcomments&subject=&message=Please,1,1
https://discord.gg/tDzGCfc,1,1
https://bit.ly/2VcIh9g,1,1
https://bit.ly/2W09Ebb,1,1
https://www.youtube.com/watch?v=cRFZHo5\_7v0&ab\_channel=DarthNews,1,1
https://www.youtube.com/watch?v=cRFZHo5_7v0&ab_channel=DarthNews,1,1
https://dankahoot.com/blame?id=kdsh8n,1,1
https://viddit.red,1,1
https://ripsave.com,1,1
https://reddit.com/{{crosspost_ID,1,1
https://jerkofftocelebs.com/actor/brie-larson/,1,1
https://jerkofftocelebs.com/pictures/nggallery/pictures/brie-larson,1,1
https://www.reddit.com/r/BrieLarson/,1,1
"https://www.google.com/search?q=site:reddit.com/r/outoftheloop+&tbs=qdr:m,sbd:1",1,1
http://www.reddit.com/message/compose?to=%2Fr%2FOutOfTheLoop&message=%3CPLEASE+INCLUDE+A+LINK+TO+YOUR+POST%3E,1,1
https://www.reddit.com/r/teenagers/comments/iyhhzu/dont_let_this_distract_you_from_the_fact_that/,2,1
https://i.redd.it/ehr2v37fbyo51.jpg,2,1
"http://www.reddit.com/message/compose?to=%2Fr%2FAskReddit&subject=Rule+1+Post+Review+Request&message=My+post+was+removed+Rule+1,+please+review%3a%0d%0a%0d%0ahttp%3A%2F%2Fwww.reddit.com/r/AskReddit/comments/kcb7n1/can_we_change_the_meaning_of_amber_heard_to/",1,1
https://www.google.com/amp/s/amp.theguardian.com/film/2020/jul/14/amber-heard-shouted-insults-at-johnny-depp-high-court-told,1,1
https://www.google.com/amp/s/amp.theguardian.com/film/2020/jul/15/amber-heard-antagoniser-rows-with-johnny-depp-court-told,1,1
https://www.google.com/amp/s/www.dailymail.co.uk/news/article-7947733/amp/Amber-Heard-admits-hitting-ex-husband-Johnny-Depp-pelting-pots-pans-tape.html,1,1
https://www.reddit.com/r/NoStupidQuestions/search?q=Amber+Heard+&restrict_sr=on&sort=relevance&t=all,1,1
https://www.reddit.com/r/NoStupidQuestions/search?q=Johnny+Depp+&restrict_sr=on&sort=relevance&t=all,1,1
https://www.nickwallis.com/depp-trial,3,1
https://www.legalcheek.com/lc-journal-posts/a-critical-analysis-of-the-johnny-depp-libel-trial/,3,1
https://www.legislation.gov.uk/ukpga/2013/26/contents/enacted,2,1
https://en.m.wikipedia.org/wiki/Defamation_Act_2013,2,1
https://en.wikipedia.org/wiki/Defamation,1,1
https://www.cdc.gov/violenceprevention/pdf/nisvs\_report2010-a.pdf,1,1
https://www.cdc.gov/violenceprevention/pdf/nisvs_report2010-a.pdf,1,1
https://www.cdc.gov/mmwr/preview/mmwrhtml/ss6308a1.htm?s\_cid=ss6308a1\_e#Table6,1,1
https://www.cdc.gov/mmwr/preview/mmwrhtml/ss6308a1.htm?s_cid=ss6308a1_e#Table6,1,1
https://en.wikipedia.org/wiki/Pirates\_,1,1
https://en.wikipedia.org/wiki/Pirates_,1,1
https://www.inquisitr.com/3164529/johnny-depp-and-amber-heard-divorce-update-police-find-no-evidence-of-assault-abuse-text-messages-heavily-doctored/,1,1
https://www.tmz.com/2016/06/02/johnny-depp-assistant-denies-text-messages-amber-heard/,1,1
https://www.reddit.com/r/raisedbynarcissists/wiki/acronyms,1,1
https://www.reddit.com/r/raisedbynarcissists/wiki/helpfullinks,1,1
https://www.reddit.com/r/raisedbynarcissists/wiki/slurs,1,1
https://www.reddit.com/r/raisedbynarcissists/wiki/upliftingposts,1,1
https://www.reddit.com/r/raisedbynarcissists/wiki/rules,1,1
http://www.suicide.org/international-suicide-hotlines.html,1,1
https://thelifelinecanada.ca/pattern-interrupt/ecounselling/,1,1
https://en.wikipedia.org/wiki/Tu_quoque,1,1
https://en.wikipedia.org/wiki/Logical_fallacy,1,1
https://en.wikipedia.org/wiki/Hypocrisy,1,1
https://en.wikipedia.org/wiki/Motte-and-bailey,1,1
https://www.bbc.com/news/uk-53489105,6,1
https://dankahoot.com/blame?id=k9f2fd,1,1
https://redd.it/jprx1i,2,1
https://redd.it/k55r1w,2,1
"https://www.reddit.com/message/compose/?to=RepostSleuthBot&subject=False%20Positive&message={""post_id",2,1
https://www.repostsleuth.com?postId=k9f2fd&sameSub=false&filterOnlyOlder=true&memeFilter=true&filterDeadMatches=true&targetImageMatch=97&targetImageMemeMatch=92,1,1
https://dankahoot.com/blame?id=k9f2f5,1,1
https://www.repostsleuth.com?postId=k9f2f5&sameSub=false&filterOnlyOlder=true&memeFilter=true&filterDeadMatches=true&targetImageMatch=97&targetImageMemeMatch=92,1,1
http://old.reddit.com/u/Agentpferd/overview,1,1
http://old.reddit.com/u/The_ghost_of_shell/overview,1,1
https://discord.gg/fSFRhdR,1,1
https://www.reddit.com/message/compose?to=/r/agedlikemilk&subject=Questions%20about%20milked%20bot,1,1
https://dankahoot.com/blame?id=k71y7d,1,1
http://old.reddit.com/u/that-emo-child/overview,1,1
https://www.reddit.com/r/funny/wiki/rules,1,1
https://www.reddit.com/r/funny/wiki/rules#wiki_rule_1.3A_all_posts_must_make_an_attempt_at_humor,1,1
https://www.reddit.com/message/compose?to=%2Fr%2Ffunny,1,1
https://m.jpost.com/Israel/Womens-groups-Cancel-law-charging-women-with-rape,1,1
https://recalculatingthegenderwar.tumblr.com/post/119784319421/influential-rape-researcher-mary-koss-claims-male,1,1
https://www.instagram.com/p/CHzz2olgcpM/?igshid=1kj4tm3i70gxz,1,1
http://www.reddit.com/r/AskReddit/wiki/index#wiki_-rule_3-,1,1
http://www.reddit.com/r/AskReddit/about/sidebar,1,1
"http://www.reddit.com/message/compose?to=%2Fr%2FAskReddit&subject=Help+Related+Post+Review+Request&message=My+post+was+removed+for+being+help+related,+please+review%3a%0d%0a%0d%0ahttp%3A%2F%2Fwww.reddit.com/r/AskReddit/comments/k5fto2/does_anyone_here_simps_for_amber_heard/",1,1
https://www.reddit.com/r/nextfuckinglevel/wiki/index#wiki_1._post_appropriate_content,1,1
https://www.reddit.com/r/nextfuckinglevel/about/rules/,1,1
https://www.reddit.com/message/compose?to=/r/nextfuckinglevel&subject=Question,1,1
https://www.reddit.com/r/nextfuckinglevel/comments/k54ckl/be_it_a_petition_against_amber_heard_being_in/?context=10\,1,1
https://redditsave.com/info?url=/r/196/comments/k3x5hd/amber_heard_more_like_amber_turd/,2,1
https://np.reddit.com/r/nicebot2/top/?sort=top&t=all,1,1
https://np.reddit.com/r/nicebot2/comments/jazajw/about_unicebot2/,1,1
https://i.redd.it/yczqd1reyex51.jpg,1,1
https://np.reddit.com/r/nicebot2/comments/johrw5/69/,1,1
https://i.redd.it/mqncigh4t9t51.jpg,1,1
https://np.reddit.com/r/nicebot2/comments/jbosvn/roses_are_red_grover_is_dead/,1,1
https://www.reddit.com/message/compose/?to=sneakpeekbot,1,1
https://np.reddit.com/r/sneakpeekbot/,1,1
https://np.reddit.com/r/sneakpeekbot/comments/joo7mb/blacklist_viii/,1,1
https://gfycat.com/RashEssentialChihuahua,1,1
https://www.reddit.com/user/redditspeedbot/comments/eqdo8u/redditspeedbot_guide,1,1
https://www.reddit.com/message/compose/?to=adityakrshnn&subject=RedditSpeedBot%20Issue,1,1
https://www.buymeacoffee.com/redditspeedbot,1,1
https://www.reddit.watch/r/ihaveihaveihavereddit/comments/k3x4tt/amber_heard_more_like_amber_turd/?utm_source=bot,1,1
https://np.reddit.com/r/DownloadVideo,1,1
https://np.reddit.com/message/compose?to=RedditVideoDownloadr,2,1
https://giphy.com/gifs/EYmAHLpw5LBbG/html5,2,1
