screen_name,bots
BkiIhi,1
AppituBlog,1
Gold__Money,1
CaliBDiamond,1
MotionPictureCr,1
WhiskeyCavalir,1
lydialovesbts05,1
enadorns,1
RobertWThomson,1
nt11202,1
FanieFo02141835,1
itspettyrose,1
razyten,1
fabiolahidalg17,1
gothmisaki,1
nbabaronu,1
Koldo_Aramburu,1
alanjgarden,1
fandom456732201,1
Rob_Abarca,1
TNGuy3477,1
camilapineresa,1
ourjoohyun,1
jasonleo83,1
https93,1
Ankit93851679,1
GGbaeGG,1
icutmyownhair2,1
MaryAnd09017225,1
Joshc80719765,1
Lucyfan61605358,1
Cortana01897896,1
9OSBARNES,1
likefolks0ngs,1
dharmalynn,1
BinderJen,1
NateSupreme5,1
Gavrer,1
RandomGIFs2,1
MoneyScotch,1
IOA_14,1
liska_sam,1
daneerpoems,1
za_ta_mo,1
StephanieDemak1,1
CEliacko,1
LaSupervisor,1
JovanAcevedo3,1
JeremyBurgess9,1
sorestprk,1
kitakate82,1
alfatradit,1
Enewstorybrooke,1
votingisa4,1
InfiniteSWMa,1
garbosoerrante,1
KingSol21,1
SelfcarePinkx,1
ladycobblepot,1
fxS0ciety,1
CarlosDlc13,1
bioscoopbon,1
ForestOpaline,1
me32456,1
willamAndrewHou,1
ylreiv,1
SunMoonLodge,1
puisjeentrer,1
Ihfsaxxxx,1
lamtha0,1
CosmiqueStudio,1
Realistheart1,1
David18114101,1
Filmeshd1O,1
dudestuffSFW,1
TheBeautiesPage,1
Monique87011340,1
Hollyantra,1
TheCand73534173,1
CBartlett1963,1
comedyfeeduk,1
tyronthirlwards,1
Michell46060216,1
dianikins,1
BuzzPainter,1
imminentreality,1
kanu79,1
para__norma,1
neves031,1
ni_problematica,1
hkaleesi,1
T2Rossin,1
M1KE_HARRIS,1
geistlos333,1
sIowdiscotits,1
wHitemaN_7901,1
Town__Jester,1
FansDc,1
Chiico91,1
viitxo,1
WayOfTheRoad_,1
RajaramSwan,1
Hamdan17381414,1
IndianInzaghi,1
busyllama,1
Support92304745,1
OfMacnairBlood,1
timethy_heIIer,1
knowthxself,1
Brrittah,1
dykeheaux,1
QueueThePain,1
Costaarthurr,1
loves_ariana1,1
mna_asdfghjkl,1
JariAnterovonM4,1
PontualPortal,1
lmjgigi,1
gastrospasm,1
things_divine,1
wlwlover,1
Narendr88255955,1
minariwolf,1
leannersghost,1
Halimzunurain,1
SrtaGabi_,1
snowsnowae,1
031nikitaW,1
jordanfixit,1
guccihyungx,1
saturn6irl,1
sakinolve,1
erenmcfly,1
winnwinn23,1
JeromeAtEndz,1
fsanchezp04,1
nexus_coffee,1
arikaridoe,1
adigerocky,1
masood_zallaghi,1
Patrick30373175,1
TracyYerden,1
TommyTh59496862,1
buzten10,1
variloo0,1
LarryRa18158191,1
Fauxconut1,1
CherylGoodin3,1
Shadowpitdog,1
ernestleenot,1
rhothschildia,1
artansonyeondan,1
mrnzotation,1
eldeportemashen,1
rgikpttn,1
novasocialnews,1
thatarif,1
JustTifani_,1
_brujaliteraria,1
Alteredbeastx7,1
Ravenstrike1,1
XinyingZhong,1
heineman_wade,1
Erulin,1
Missabelle_M,1
EJR66747016,1
SWEETPANDAX,1
Lucretialive11,1
WinterSaphirre,1
matchstick_guy,1
Mel66899153,1
CamporaRenato,1
rxserxiss,1
TheNewParty6,1
_bdlnds,1
FeldmarshalMatt,1
TheDeviantSaint,1
DramiToshka,1
OlegMi4,1
xtraviolent,1
screenplayboi,1
KimberlyRicoLo1,1
Eli_Learns,1
mami_chat,1
SzymanCBR,1
alderra4,1
missparisn,1
Zdzisaw54424521,1
cymande28,1
KimboComer,1
Denis53187353,1
Keeneclipse,1
fiend_comic,1
Harley_Daloson,1
SerenityNow613,1
tarotbubble,1
BradAMcHargue,1
JeremyT2001,1
Aumorad_,1
L0kG7EvAHvZS8yH,1
wU16wbNXaUwbbvj,1
jacksparrow1153,1
souomaarcos,1
DipenPa20445926,1
DragosSvg,1
krifan12,1
ChrisRo19829409,1
erildil31,1
ellieorian98,1
Warstory4,1
Volex_Exolon,1
mikestud20,1
karthik_kumar_a,1
SinghSweetez,1
xxxinjuillet,1
Tills35182828,1
cher4ann,1
Twilightmoonst,1
zmamainsac,1
faliqlajim,1
pilitopradito,1
ForkyINS,1
aleahbobea123,1
H3Yoda,1
TimEdf677,1
Jojotown85,1
n0nHEAS,1
MrSLFL,1
fangirl10_23,1
AlexNoschenko,1
paul22863023,1
Bosit15547508,1
kaman2312,1
YuliaYushko93,1
TedEDee1,1
Galaxie_Cat,1
M1di,1
Laelani99234,1
KOLoghlenAus,1
Raven_LaFleur,1
Camiipxaonxdoa,1
Popje001,1
yassbesh,1
fairyredbean,1
SaintsEldar,1
LenaLenga,1
USImmigration18,1
chamiletea,1
CooperGino,1
_ShinobiP,1
lekyschroeder,1
MagicSympony,1
Smotifal,1
DymeCapricorn,1
y2kwonu,1
IngridHagen6,1
Lizzzzzzzz11,1
moraga0_0,1
Martinzamar,1
liztomania_m,1
6quekWqhx3HQ0DX,1
yananhoe,1
Danya_TeT,1
HelenaD_neko,1
junipersol,1
ageekonlife,1
CatchingJrow,1
MedelCharis,1
Mary_9513,1
marijoilic1989,1
cassiel_d,1
Taiyo_T18,1
mooreenola18,1
jockeymag,1
Zodiackn0,1
hellefoersom,1
MTL2601_,1
lorenco_rbs,1
Gate_Reaper,1
GregoryMena7,1
LIFEISBEAUTY33,1
kibbleznbitz,1
finder_shoe,1
Whitney97986980,1
____Mandarin,1
Ranzamora98,1
dududu_alive,1
jesusIAMthatIAM,1
BravataBritney,1
mrsassha,1
Kaiera86,1
Kirovan333,1
renecruzharhar,1
yareyaretata,1
VinsentLavv,1
ururubratka,1
QueeniWan,1
PsychoWeasel69,1
nikki6sixx2,1
GradEnviro,1
Binkuwa,1
AnishHebbar,1
pookieNdem,1
Evilkiddreams,1
gh0stF1ghts,1
Pofc3,1
Carlos_razor,1
flash481337,1
bogdoshikkk,1
muzalevskay,1
Tallsam45,1
Rusty__N,1
alinotheraphy,1
magawk,1
BatmanBob13,1
pewdiepieAK,1
jamesguz22,1
WaldKafka,1
missy2love,1
onyxrhodetahuri,1
angelicllamaa,1
kelly_eising,1
wonderfullyfab,1
Jmpich1,1
jerrysnub,1
menageryl,1
Adrianek06,1
YouRWhatULuv,1
BJantakaH,1
Fendi65610551,1
fugazi1998,1
ilysss_ali,1
Mimi_Princesss_,1
RDenysR,1
Mikato1_,1
Artem_TTe4a,1
Cooperjones2,1
Mar43424160,1
OlgaKazanceva4,1
NaufanAH,1
figurativequeen,1
IlonaTimovets,1
AttieJager,1
ryannehse1986,1
fR3d3lLi0tt,1
Wina_Ki,1
unsiwdarma,1
tonkajoe18,1
Thisuserfights1,1
BTS42564967,1
arthurmedes,1
SunnyDepphead,1
silmarrillion,1
F_DxLira,1
dvolaid,1
Sythus1,1
_vivinini,1
lyalyalyandia,1
DoctorGrom666,1
SariahYost,1
ONeko666,1
jmcottle,1
wendykou1,1
yanfejolo27,1
6HjgV8ENJ5GDaIV,1
BTSsArmy6,1
linjacqui09,1
alex_todarenko,1
gsxroutlaw74,1
misztrini93,1
Mackatronic,1
azqueenmama,1
GREENESJ333,1
steve_hornbeck,1
Cernal_Bora,1
Hexezsz,1
jben_d,1
TheReelBurn,1
msfriendzoned,1
LimkaGM,1
harukoonni,1
MD1s0rd3r,1
julia05589698,1
TheBlackHand88,1
Talentedmrfree1,1
santatarin,1
worldlybright,1
Kyga_S,1
TheMadKing20,1
Bohemiene_Q,1
tigra_dlc,1
2UTM9OoLZ3ETMMP,1
Junexzh1,1
maryygracemaryy,1
KristinaKazanc4,1
EjoyVideo,1
evgen1706,1
Nercis_M,1
edkdoinitagain,1
USNewsBox1,1
Alen_Chain,1
MattClark271,1
MayraMo82773339,1
anormalcomment1,1
VomitingTruth,1
Juiciestmemes,1
Massage_Spirit,1
dgraham69,1
eurus_eastwind,1
KatyBarbaro,1
drunkbigos,1
Magic_NYC_ATL,1
RiggedPig,1
zarzuela241,1
Vgndtt,1
v_cathey89,1
Itsjustjonas1,1
daniibabieee,1
Missy_Pixy4,1
Damious4,1
cherylmassie,1
JohnKelheim,1
GoodsonHolden,1
astrxbarbz,1
Nico_D02,1
Meligry,1
sarka3m,1
danielayaman,1
ed_unwa,1
Itz_Kronix,1
AmandaDSassy,1
wittygemini_,1
_sam_sepi0l,1
ohifallapart,1
frederickthiele,1
AnnieThe_Ginger,1
riteshmagar,1
AwesomeSenpai,1
athin5inches,1
Pointle02303585,1
leepnlizards,1
Rach__eal,1
joylikeduh,1
jeffs_amanda,1
Jay9544Jay,1
RndmBlckGy83,1
SuburbIsGarbo,1
Nadia03300064,1
NotLelainaFlax,1
S0nOfTheDark1,1
VioletPrice0409,1
yaa128_,1
kristathetaurus,1
gojiraJinXazz,1
CisEspana,1
Ekaterina_Garm,1
honestlyzeus,1
Ms_tang96s,1
ProvenWinners,1
Javo_mon,1
Harley22671946,1
RandomR51876715,1
kiwiblxsh,1
Samarth24627170,1
GodClown_,1
bmitch2017,1
ChainsTorry,1
ginay82450959,1
ViktorOtherM,1
sintiamustika14,1
LesLiveonPoint,1
Herbert19629513,1
up_myAss,1
wolf29880,1
mimah___,1
CanadaD94474169,1
kkkimchiiie_,1
ILove_MJH,1
Onyxdragonlady,1
ewksyy,1
ChrisHancockcn,1
skstamps06,1
ooohweareone,1
KobeJcharles,1
itsthatpiff,1
helpinghobo,1
Robert_LWOS,1
sushilvirdi1,1
julesterekhin,1
jelly_mariam,1
medicenvalerioo,1
Edmund_Reed07,1
micdrop744,1
benceratx,1
_viinnimartins,1
Shadickai,1
JinxTheGamer,1
GinoR____,1
LisaNun69653334,1
AingealOQuinn,1
qtOD6SBaNEx14nt,1
saintseliaa,1
pescamagica,1
Roshane_Damon,1
Chungo04,1
BeenThereGotOut,1
greenierobin,1
MaryseNoble7,1
nahlopes_,1
Mamadontgiveaf1,1
tomodochiii,1
OvngEEhH8NP1HfN,1
dianaharvss,1
yashintamarcel,1
GeezusxTx,1
HermaeusMora16,1
Mysteriesofeva3,1
xxxamlo,1
rin_netensho,1
gbeev_cast,1
mack_sand,1
NatiLibreta,1
msjaybk,1
juanchoprimucci,1
Iwannadie1231,1
nas_522,1
LatroSanctus,1
zazazaraaaa,1
TaynaBo45,1
pretorJV,1
heathen_lonely,1
CelitaChic,1
manchester_nola,1
27HighOffLife05,1
Chaotic_flame_,1
lalahudak,1
motherfknclouds,1
chickee34781038,1
Redwood41071326,1
ZeteticAdvocate,1
SACG_Drewc15,1
Cheapras,1
ichigoichigo508,1
sashababenko2,1
AlPopchuk,1
socratosito,1
LFidhelbooktube,1
Charley_Ridley,1
millybadison_,1
HuongNg96,1
natacc2016,1
mithisa_motho,1
kongnism,1
MeTweetsta,1
jupiterxho,1
lluvianova,1
PoohDot92,1
Stalker610,1
Sharem007,1
RealCrazyAsian,1
mayaurie,1
ZonaKimberley,1
saca1490,1
Durdikk,1
b0redface,1
HotMilfHunter96,1
ShillyClive,1
robladitam,1
scallyme78,1
whatdafuckkki,1
Mrs_Grier1,1
Silkanium,1
MADU41333664,1
taylorknytych,1
drjarochito,1
AnthonyT2_Mufc,1
Jennife99895909,1
futuram101,1
tmartins_00,1
mimamwahyudi30,1
GranAdmThrawn,1
Shirlen16229014,1
NAMJOONSWlFE,1
aidilfds,1
hueningee,1
podcasthos,1
LSukune,1
theestherbassey,1
DemonstratorMKD,1
rism_81,1
btsislifeduh,1
HyperstrikMusic,1
mediacatss,1
SpookyBitch96,1
twbwy,1
Artish_Calamity,1
HistoryGuard,1
The_CrookedCat,1
GrellSutcliffMi,1
aleksaguila,1
crapitsabby,1
vtmBabyJ,1
kilmeny9,1
PLounex,1
giftediamond,1
Queenofthemidn,1
excelsiooor1,1
rahult1998,1
JuarezEloyJF,1
ObengOluebube,1
icetoppingsugar,1
Kanya229,1
Ditodit1,1
RickyDarnell15,1
ArTixWeBsTerz,1
HosierRae,1
eyo_ab,1
fem_wrstlng_fan,1
boobeeva,1
malutyn,1
Seshetat,1
LDRRR,1
Mr_Dan_Nobody,1
aedailydotnet,1
St_Disel,1
0022Ally,1
BrentTYoung,1
crane_bishop,1
SBogensic,1
MeghanZuckerbe1,1
Whovigo13,1
NixNightbird,1
Scuttlebutts_,1
Elamord22161075,1
culturelesspop,1
jordy_wales,1
Vla_Pav,1
joji11513329,1
Arystara,1
KaydaSergey,1
Papa_Lis,1
allergri,1
consciousness98,1
AresVonMars1,1
Brian2Adonis,1
crunchymoremom,1
Best_Meth,1
gabiolive,1
Be_Lou_,1
JekaLaptev99,1
flesheramcey,1
itbegordo,1
football_bandit,1
melaniearelys,1
Akirahhhh_,1
Morokot95895042,1
ichiemiguel7285,1
Bananat80072790,1
5455km629,1
chin_gau_,1
GrayheeS,1
Raven_Dragneels,1
FiendTheart,1
I_Am_Delirium18,1
NielsGrunden,1
T_Trap8,1
deardje,1
MicPerkins,1
Hackr51400003,1
ethicspenguin,1
suuuuuuprun,1
WinnySanderson,1
leqmsi,1
JanRithisak,1
Khevs_O,1
Jodie89751658,1
Ay_bkini,1
marijakauric_,1
MrsTess91,1
PythRare,1
Tonk72Otero,1
ayellrei07,1
Granger42068049,1
nicezsasz,1
TheRadBrand07,1
Shinobles,1
viktor_romaniv,1
roguewarlock97,1
siomaireyes,1
Aewebr,1
ChoirNerd2121,1
AgnesTheodora3,1
Lyfia17,1
itzHamed,1
amigoferb,1
WickFondos,1
elcolmadonyc,1
luuvfortae,1
CSheena86,1
TinaClark75,1
Balgo15,1
mrwaffling,1
Nightrider22773,1
Levon99599675,1
kweenxjess,1
Leonid73503339,1
Mamqwathi_,1
jerryishigh,1
eventidewitch,1
mysticpiscesbby,1
Alekhzandr,1
Ilkkis99,1
thomasochist,1
Dragonkyng,1
TullamoreYou,1
moDman93,1
RC304168274,1
cris11585434,1
AlexanderSols8,1
Meloroserus,1
DylanSmithAU,1
SandwichSoggie,1
PalanMeet,1
HarryHHardon,1
fucking_bitter,1
JohnHWarrington,1
Jvckyxo1,1
Anthony52730750,1
nebomoe,1
REGthebadguy1,1
XCZu1IEh8CfVdjR,1
whutg,1
YeniRomero21,1
heroes_den,1
EpicSheppeck,1
taemlovecult,1
wavesincoming1,1
JackLch1,1
Chianti_s_Mommy,1
GrendelModern,1
mercurytrineur1,1
SoNiceSayit2ice,1
Samson_Jp36,1
gianellahuaman2,1
_annarosen,1
SVaramitha,1
katyakonturskay,1
kaori_cm123,1
lordoroshimaru,1
anicedra,1
tijgerklau,1
kewlriceball,1
Azul__Knight,1
BruanRowe,1
DonQuiDeMarco,1
GremlinProud,1
NotSoRadicalMat,1
TimHu55769204,1
clutchfrog,1
kbyarb1,1
itsmeyeah4,1
ZNm2IheuaV4C7VT,1
Phonehome_Mason,1
Azza_Gamer,1
Andersonayl_a,1
stranger2099,1
neketkondratyev,1
pHirst16,1
Kadreigh,1
dl_samurai,1
An_Dy_9,1
panda_thoot,1
ZenoChrono,1
wyldsyde,1
GermiDFR,1
yukikiyo75,1
GabitoPT,1
alonica7,1
Jadedanc13,1
Fabiomontoya131,1
jakebenedictk,1
LordFenrir6,1
costco_jay,1
anastasiasniper,1
MiaSmit29033262,1
LanvinLucci,1
Ladysunflower8,1
jls192,1
justamanda38,1
SterekMischief,1
MrKisukes,1
95Adimus,1
chillywilli3,1
car0line__marie,1
GuntherIndian,1
Lizonizho,1
Lola64036101,1
HatBoxGhost0809,1
JustChris14,1
GDragonette84,1
Tricksterspider,1
ForScorn,1
zoesteam,1
saintamaris,1
ModernGandhi4,1
ClaudiaDeyulia,1
PheonixB424,1
JiminieDiana,1
NikolausUrban,1
diana_cromero,1
JustinRiosLive,1
linktendo19,1
Sentient_Mass,1
JulitaSalerno,1
auntheerada,1
wtftragedyy,1
tfortiendoc,1
SapphaKnight,1
HdzRain,1
NaivniMislitel,1
OGSempai,1
Johnnydrigs,1
truetha05073608,1
MilaRaphael,1
mssonyasimpson,1
Masha19080962,1
Ryan93384802,1
AngelicaRArte,1
Gumiho2ne1,1
nikkyweiser,1
SoundsLikeByle,1
Sidney05237777,1
GibbityG,1
Ash_HatchumTTV,1
Wulfgar97454318,1
Riley16485329,1
Succum2Marriage,1
ReachForRandy,1
marilynr2_,1
KisenBhottoo,1
CarlosRamos343,1
Mildred34660980,1
BrittanyKikiP,1
SavannahSBarker,1
thatstitchgal,1
Antonbeniles,1
JenniferTremil1,1
T_yfei,1
Shalom__,1
kilixx,1
EiiCO_O,1
Martha75611683,1
meinparticular,1
some_content,1
NunSumittra,1
sweetepicness94,1
Nontonmovie4,1
SDomCon,1
dopus16,1
Luvtomhidd,1
988_san,1
that240sxguy4,1
GWVAMP2009,1
NitySl,1
ellabihh2,1
samanthasaylor7,1
AbrilCrowned,1
der__dare,1
MensLibReddit,1
6git_sketchs,1
XxNiHoTxX1,1
qasmultimedio,1
BurgettGeorgia,1
Dianavbowles,1
ElaraeStorm1,1
elfurniss,1
Emerald_Theory,1
deadgreen1,1
deanholz13,1
SomaliAlam,1
Marutan28414183,1
MangoMattUwU,1
Hoodini_Poof,1
kagbro88,1
RaynellGross,1
kingblouin,1
force_ghost_guy,1
emilyja62,1
Joseph69811190,1
SaikatR63315260,1
Yuliaa85657592,1
GenDukeLaCrosse,1
capitalismo28,1
Lewd_Rubles,1
KristenF24,1
ChupaCabraThing,1
xazzmos,1
Dalekiii,1
FamBojan,1
LoptyrsDomain,1
Shoe_50,1
Skimikos1,1
truongwfaan,1
Saeforli,1
Sir_Aj3,1
kepley9317,1
emelu714,1
maxim0ffless,1
TaviaDean,1
cookiess718,1
Carol0719,1
say_Alexandra_,1
villaBeaxX90,1
RealDiamond_,1
evgen_fake,1
TheBuddyLord,1
Gwen29917028,1
DaniilR34851967,1
Adler70192855,1
Laura14020312,1
EMramneaks,1
bodaciouspeach4,1
liliyaimaah,1
z0mgSw1n3,1
spookyisha,1
Sirrosis7,1
ksyushamayusha,1
LordWOODS1624,1
AlexZhul1,1
justinch81,1
johnclear3,1
suchdivinechaos,1
DTNollywoodblog,1
ChildofOdin,1
That_s_Random,1
MagnoliaWriggl1,1
lollmora,1
ab_opozit,1
keixcii,1
Cody69682885,1
Terminatorca766,1
ForemostExpert,1
Kany28122243,1
luvthat88car,1
SmallScreenSoc,1
thewebcoffee,1
XACxavier,1
Lauraestt,1
britnyb1,1
Rajkishoremeena,1
yuiconejita12,1
Antihero_Tashi,1
StardustAurora,1
HarmenVanMidlum,1
Bronorilsk,1
PineappleZ_YT,1
TeriIsTrippin,1
Joseph_16B16,1
cintiaesquive11,1
carlab671,1
d42_no,1
TrustySeaMusic,1
HalversonTrevor,1
lovewhenulaugh,1
KatsumiStudio,1
ChaplinDarlene,1
AminStereo,1
mafumasd,1
carolina_grchb,1
pills__abuser,1
PlunderBob,1
imcwilliams0609,1
TheAllMightyDan,1
BobbySacamano,1
alexantidebunk,1
doubleviking,1
biohazard45,1
diamondhearts13,1
ZozotheDemon9,1
znapcracklepop,1
seladorie,1
Dynamite_Luis,1
jaz_mineg29,1
krackersgirl,1
batmann231,1
selinascatnip,1
othman_rz,1
Renoween,1
Dgreazy1,1
Gryphtalon,1
raouf_ff_ounis,1
GMeiste92354893,1
ManonLem80,1
Marie02434580,1
andres760187,1
Jamesco18849799,1
Caveman89543717,1
fool_of_tears,1
blvkq_v,1
flhea07,1
Rud3_Dud3,1
larasati_vanesa,1
TeoTruskawa,1
mullet_wearing,1
yokkmaikaojai,1
ARMY51356684,1
changbingirlfie,1
witcher12341,1
MandyJune6,1
Episode3yt,1
MelHerraman,1
LarrissaPrather,1
6tcyx4625yl95uH,1
Dulcineahnt,1
G5b9mqmobkmkgt2,1
pacukluka,1
izzmythoughts,1
fundoelous,1
TharakR44327926,1
EllieMa96140903,1
AndrewMetalHead,1
Manojkumarhnay2,1
lewis_deva,1
GPanderino,1
guzelchii,1
dvnyel,1
j7c3mohr,1
dehardyj,1
aggarwl_sachin,1
marvel_addicts,1
DzikieO,1
musiq213,1
Ronald_GN,1
ladythunderous,1
QueLeya,1
marikochandaioh,1
li_ynina,1
jrchlfns,1
sleepmaissi,1
SoobaanS,1
reiynii,1
WardMitchell9,1
Saturatedballo1,1
SHEITH12,1
StepsPodcast,1
rogscosta,1
Taha____27,1
Necromorfoland,1
MikeBeddoe,1
TabTheRipper666,1
Joey10312,1
RafaelOrtizDia5,1
avogel5491,1
Sh1tB0thersMe,1
LuPerformante,1
Opium_Thoughts,1
MancyLee2,1
zeroasaris,1
abittermunchkin,1
Crux_Elias,1
rhicrks,1
Sou_Hugo6,1
AnimeAnonymous5,1
Alejand82668651,1
BMarquisMarkail,1
my_life_vany,1
stephenweirdy8,1
soccormomocracy,1
Arul_888_,1
Gamerking51,1
gwasteady,1
GonzalezRaydy,1
Dianasis2,1
katrinab0420,1
KrystieXiana13,1
JioniNeito,1
MariaBelnPiriz1,1
AkLady_74,1
DorkyCrow,1
sooboolove,1
PomadaDtortilla,1
thisbeDamaris,1
matchstick420,1
6233377291X,1
RegisterAmanda,1
p3t3r_nj3ru,1
Chueewwyy,1
lamveryupset,1
aloysiuslow92,1
aaliyah2417,1
Ccruz31484797,1
icarelizquen,1
MrSeed56561830,1
KittyKat097,1
nikki4real82,1
archmaar,1
lya_bg,1
madnurrrr,1
wing6984,1
Oogway__,1
TheWiseGuy00,1
reporter_youth,1
shadowvrise,1
hqp2341,1
boo_sheeet,1
KaruSantaMadre,1
butimphoebe,1
GabbiLentini,1
AnimaxReyes,1
LauraBongiovan9,1
KingsKnight8,1
beantown_hero,1
hvl_359,1
gamesanddadding,1
SushobhanRoy07,1
GBC4EVR,1
Alishamccoy15,1
alex_pardy,1
hughes_jd7,1
Rojo_CeA,1
Ayelen1d3,1
Chrissy4theWin,1
brand_tre,1
A7medd95,1
OldLeechMessiah,1
beehiveindy,1
BrownMisscareer,1
GreenEyedOkie78,1
seeda_saada_guy,1
Arnav_on01,1
SpiritRiven,1
Bin3li_9,1
CoTvndotnet,1
youngpilotv2l,1
Winner49457680,1
mr_dharmesh7,1
JamesRadar1,1
light_shepard,1
sweetnessddd,1
teriyakibalakay,1
ofelipepreus,1
completelyinap,1
lilred_dreadhea,1
aikiwolfie,1
Toka44435242,1
_erod,1
GohanHitsugaya,1
Alilee1262,1
LadySeshat,1
codi_walker,1
SweetJazzCandy_,1
TvDUGAS,1
dreadful_tox,1
NascarVegas,1
666DeadGod666,1
jjpmoon,1
LetPhoenixPlay,1
AguilarAlondraa,1
Prianthony,1
IanKent20714617,1
Violet94708440,1
twatteas,1
mink0s,1
lyndsevee,1
jonocosa,1
Fernand72195676,1
grim_reaper6665,1
Bossklad,1
elmotify,1
Joevokills,1
TaigaLaila,1
ApeJaded,1
BryanTorres1430,1
Vanessa17069824,1
JimFranco20,1
pistaxue,1
bloodletter_,1
MalusMalorum,1
NastasiaShupeni,1
itsvedantsingh,1
shirel1235,1
jekyllpage,1
MadCornishProj,1
laura_llauu,1
SirenZ11,1
Cheesy_Polski,1
jusstRaj,1
FabioVassalo,1
iamtengkuamsyar,1
PaisVillano,1
chloec1227,1
Sebasti76843994,1
nattamonmint370,1
Jeffrey_drn,1
fu3k_y0u_,1
97javiersh,1
whitelighter621,1
CoolerMojo,1
tlingitsoldier,1
Rachel_Morones,1
dijkeysad34,1
enbursamagazin,1
mpougelofatsaaa,1
Goaku,1
MILLARDROTTEN,1
Deftestkarma,1
husnarainh,1
ashlynn81816178,1
_Lousoul,1
el_danixxxm,1
TrantaLocked,1
ariansenoo,1
JenniferKidwe13,1
john_segreto118,1
Nik_Fithri,1
djcockbill,1
Shirley_C_M,1
heyrulestore,1
HassnainMeer2,1
lolremilol,1
nunepic,1
RiQUZMMWnsw6e7N,1
Rayleena_,1
darkknightx_,1
bon_socko,1
AvariceKing,1
SZxlr8,1
TaigeBoutique,1
AdachiFox1,1
JDsuppy,1
JennieAshley17,1
sleepvvalkin,1
momo18335991,1
DajannaCuadros,1
sella91533335,1
Cav0779,1
goawaytaige,1
Lul10500529,1
mmullican77,1
EdgyNameHere,1
DaveTheDirty73,1
rymoore734,1
Scotty_Isenor,1
LurellB,1
GreatIndoor1979,1
makestarwarsgr1,1
meoqio,1
jefflezzz,1
iamMo2men,1
pridetaliz,1
EdgeezyFosheezy,1
itskatiecheers,1
shenna2002,1
VIPONTValorant,1
PalmeranianZ,1
heather8348,1
AriadnaOlvera1,1
paulodferr1,1
Jinco52,1
NotSry2LoveDE,1
Bubba11541803,1
RhiIsABean,1
breakingtabels,1
Ho_Bollywood,1
Lormoon3,1
noah15sanchez,1
PlayterSkyler,1
GarciaJazeri13,1
themajor_atNERV,1
Sh4rd25,1
Kayla90831174,1
velero25,1
InTheBeanStalk,1
unclecharlie211,1
AThotslayer,1
AAAsj408,1
TonyyCee,1
Saheli_Dancer,1
andressg7490,1
DavidTo14944693,1
nHgX2SyZtBd9izX,1
AmanlikeCadogan,1
deenahun,1
Sam53806235,1
kamila310105,1
RussianTrollio,1
toaster_ms,1
cleoallen99,1
Raven970,1
BigJ_smash,1
420blazeit206,1
xXStephy92Xx,1
_littledemon__1,1
finallysaiduzzz,1
LouisaGoddard1,1
gerionferraris,1
Tvd0823Dillard,1
CarlPsychGuy,1
Zuhayr04,1
xSalyn,1
PouponneauSt,1
_Nataraaja_,1
Corneil27,1
shinigamiyooo,1
Yolandacitradew,1
SaumilJoshi9,1
iamkath04139505,1
animallover0603,1
lkittykat_t,1
KaineBarcaFC,1
JordanS1800,1
elchinomore,1
itskamski,1
avpcndbd,1
Miss_Skittles89,1
effietheclown1,1
Wan35571070,1
delaiza2,1
LadyMcFassy,1
staripw,1
LadyJus07559536,1
unlimitedtimer,1
cameron_leggett,1
herbuzz316,1
nnaviaxx,1
Sardanella1006,1
_baileylayne_,1
bearking24,1
Reyna37329653,1
clusterfuckhoe,1
ne_fantan_mi,1
thomasgkvan,1
Shelbey68368355,1
OurAuer,1
daytonlee93,1
KungFuFighter4,1
Enjoy_today929,1
eazyseph,1
AmberM81573365,1
OtraAlterna74,1
IncNahum,1
MitchelleMia,1
mett_ra,1
Annmcka38914277,1
_Hesperie,1
blacklion003,1
getthejetstream,1
Michael97394227,1
HumansSuck14,1
ScaramangaJoe,1
75Evi,1
teaupdatin,1
BSawry,1
enfiIme,1
suzy_ladouceur,1
AnthonyElhardt,1
KennyLpez11,1
katziis14,1
Thunesjr,1
GlobalBoB_Tv,1
daonlywayneisup,1
BS_Ziggy,1
Aark_Alderamin,1
rojorojaspr26,1
BrandiSparks15,1
hulaaahuppkawai,1
Anarchy_Me_,1
Corycava12369,1
lukakonte02,1
edbomshell,1
Hidanpion,1
Atheer5Abdullah,1
Kris_tea_Aiy,1
ray_bad_boy,1
His_Right_Seat,1
DEMONTJWWE,1
UnpoisonedSxE,1
PAisChildAbuse,1
moodinessgirl,1
cavemasha,1
thedivde,1
DeadBastard_721,1
Anni62008221,1
DiasSabrini,1
nonamecsr,1
jennifer_pellot,1
igorscaune,1
Aaron29901850,1
DarlenKross,1
_Aj_lex_,1
CPEEPS77,1
FriendRaven1,1
alicebsent,1
hangezology,1
madison_poll,1
hongan50036890,1
KobraJafferson,1
Mryo00Guy,1
juanabrahamort3,1
sosehh,1
oggoodydank,1
szczepanMDL,1
Gingergotgaf,1
oficialuainerd,1
IbrahimFR9,1
jhnmcleod0831,1
Leila38066597,1
carlos_inon,1
IzzyBella71,1
Abdul_TDY,1
NoNowNow1,1
overlookedcar,1
wolfman11681,1
LadyGravemaster,1
YAvnoNeSvyaTaya,1
muzlimuma,1
Nunya519,1
DuckieAlien,1
oh_shit_smaug,1
puriudom,1
doshirak_35,1
GrimRoss1,1
StaciemRyan,1
demonqueen2,1
kar_tai1,1
YseGoo,1
WS240_winter,1
brakozavrik,1
vcherrycoke,1
hugocar82461176,1
TherealTirgarde,1
Bruno10176714,1
RedkellerTT,1
DagmarHeinke,1
Rossana65477250,1
3Dcrazystuff,1
citizenzero15,1
shadowfalcon76,1
adore_croissant,1
tornberg_elvira,1
RobiPhillips88,1
lipseouls,1
That_Gary_Guyy,1
kaua_vilaca,1
ShipPagan,1
harley_JSJ,1
PohuSolenn,1
ccbaires,1
_ashleylee01,1
elizakeinars,1
fitzgeraldxavi2,1
ayaninurface,1
margaux_lefe,1
monstersinalice,1
suicideking87,1
cool_buggy,1
SamuelCoyazo,1
witchwalk,1
StupidJ3,1
ashanti122601,1
Alpha_CrazyPack,1
RaisPolini,1
aaaaaaaapol,1
MyersCollie,1
TacoEaterLuun,1
Kennith_EM,1
xmelzx,1
SaulRom_3763,1
fffireplace,1
tiyantii,1
Kayl33J,1
ppbenya99,1
MosakoSom,1
Tomachka_97,1
xixi00115762,1
s1ned2,1
Victor369963,1
SonGoku56732638,1
Ul3pfoeRoiBYLf6,1
tharryswk,1
MsMeara,1
JULIETA39326378,1
rafisky14,1
Emily69151971,1
astronaut_0001,1
Lynne584,1
Ekat_rina1,1
thatmoonchild96,1
Ashphorical,1
SueroIsaura,1
Anggelina_LV,1
Phenominal_13,1
MaguiMagic18,1
2ryanwoodward,1
xoyamiforeverxo,1
anybud420,1
Bat2leShe2p,1
ccurtis69,1
PavelTimofeev3,1
nicisgood2,1
Prabodh520,1
KasaiUsagi,1
babbeyyy,1
Abrosimova_da,1
SkylarAstarot,1
NO_MOR3_SORROW,1
adrolepho,1
Samvel96518240,1
Newt213,1
IvyCorreia98,1
Critical_Fail42,1
kaileehead,1
thattugglife,1
Caroletapr,1
the_brianhall,1
TravellerLombok,1
Val1Ol,1
the_madiecorn,1
EThomps61920972,1
crucifixplanet,1
OpBankk,1
SouthernBoy954,1
notPotus42,1
tsidpod,1
Wendy_90s,1
Nile_Niley30594,1
Alex33712,1
AdamsBard,1
SlenderMan2030,1
TheElatedEMU,1
TheLoquendoFeni,1
lC6a00NZo4Biyds,1
blem_m,1
gaboxortiz,1
engr_pinarok,1
icykolin1,1
SSSS_0215,1
im_plutoluto,1
myqueerego,1
tomasfrestrepo,1
mangocrem,1
Aladdi_nu,1
carolholmesgems,1
McleanTracy,1
NythiriaFade,1
1Security4,1
Living_as_,1
jldaark,1
nse_free,1
BatWithLemons,1
Lady_G_Wool,1
pxxxwhoxxxq,1
raeh_hear,1
veracruznlinea,1
elbechram,1
Brokeboybaby,1
LokIjjang,1
Winonaforever63,1
siyo_0304,1
niyaniya_4,1
lunachickas,1
Dudu_Saul,1
blisskissedme2,1
Juan77813,1
sayoo4197,1
lesbivain,1
jeranum8,1
Astronaughto,1
BotZiny,1
Viiralnet,1
superxkryptonx,1
Vicki002NS,1
Gracias_Porfavo,1
XVoxe,1
DoomaMoo,1
flymingo3,1
Brisonkowsky,1
inannaeyes,1
slrtmdla,1
stop_biased_inv,1
Solitaire_4,1
isilmoon,1
wellyph,1
CEOofRukia,1
alldaypowerup,1
CCAceLezer21,1
Mew3264,1
Kristen70577943,1
AshRaae,1
PseudoDubee,1
Urartus,1
tears_temple,1
Alms_DA,1
ArchersMommy420,1
Mike52450017,1
SMcducc,1
hughes_rio,1
tameela_h,1
babs_libonge3,1
marvvel_mind,1
ta_eshe_tvarj,1
_Cold_oR_Salty_,1
hanbyeol000129,1
realcolonelcock,1
GrandonJlg,1
feiticeiraescbr,1
Davi_Alm_45,1
Ronlovesbooks,1
isyagirlmarie,1
new__thangs,1
PaparazziRevis,1
Ximeimeidelagua,1
tail_ofMinerva,1
jeondokssi,1
air_shooter,1
N_Out393,1
over_think_ing,1
The_Last_Sleep,1
95816_dc,1
joejonista,1
arwa_k_bestie,1
Kersplankus,1
DulceVanduc,1
dubitoditutto,1
Ask_Ramon,1
arginorankent,1
Plusacademics1,1
Bruh15506675,1
Michal99956312,1
andrehc17,1
menhquw,1
Otaku4LifeMk,1
lonerdyx,1
mituami3,1
TRICKERYNIX,1
hunterhuntian,1
everallie,1
gh5_now,1
Khairudin_faiz,1
kaktusunoxx,1
RedgraveLuna,1
snotty_misanthr,1
kar0lape,1
ajune18,1
Abah_Kratos,1
ZianneMariel2,1
UTxTheArchangel,1
SardarbekKg93,1
vanoammosov,1
Wat19165735,1
Athenea009,1
alishazacharias,1
khalifaa_974,1
LTh1SOnE,1
BrookeHeartz,1
Sensele90255524,1
Sai1ex,1
impendingroooo,1
Lebed_anton,1
JosephHaroldba1,1
SebVettelFake,1
Skykotuha,1
catalinaNL64,1
defrem133,1
hong67157983,1
0mg1tsbatman,1
HardinNaddie,1
CapsulaGeekMx,1
laura_reagui,1
MetalDrill,1
Love2Bhappy2,1
GreenLushTea1,1
EliaSalgado4,1
adrianpoon_,1
haziq427,1
JagerMolodoy,1
nikitaehoo,1
Celibel_Neves,1
mitchique,1
NOShitJose1,1
fatbelly76,1
ShannaDyott,1
OhhhhEldenRing,1
jonmac57665694,1
panda99064,1
MrsNespit101,1
apalbis,1
keyc_tv,1
Sims4Li45747064,1
jess_vank,1
AlsouMaratovna,1
satanswesteros,1
Labichata,1
pandaearlovery,1
NibrazT,1
PoppyRED2011,1
hawkeye_n,1
k0NXM3Z2Mv0PVPj,1
Telephone3000,1
HoldMySpinach,1
yarosvet_m,1
Mpoteki,1
jasminemngxx,1
GabrielaTfr,1
prodbyzziggs,1
imeldakosmo,1
JavaleraRebeca,1
Alanve11,1
NoaUin,1
ayuNajieh4_,1
jo__fagan,1
DianaCatalina_g,1
rosse_tdl,1
Angel_dubz,1
wpchung1,1
therealLothaer,1
Shyna98591667,1
warlikevk,1
JeffSmoothTop,1
Max12628458,1
SamJahanpour,1
lizmartinez09,1
paperanch0rs,1
Victorngel1,1
JamesTheMantis,1
ChrisRLirette,1
ApothoKelley,1
Aminalva,1
mistergummybear,1
YolyCandelaria,1
Genoveki,1
TheLilyfarrell,1
NikkiNik0820,1
AndyGre27029618,1
inkoutgt,1
Nerdydaily,1
afxxkinga,1
Bbbbbbbbiijhh,1
cloudpark54,1
laflakaa666,1
niamhigordon,1
Sassandkittiez,1
GeraltLeon,1
AlekCal3,1
littlebabysun13,1
shugbug01,1
luis2813308004,1
TiredBlackKing,1
harlemlennox,1
Sweetntwiztid,1
mecpratt,1
aymxnomar,1
PonchGorila,1
DeAshkiin,1
AdamKyden966,1
JanelleConstan8,1
Leigh95707364,1
lafgrahamarm,1
skvipper,1
PumpkinMama14,1
abcdelpb,1
yasmine_tarek11,1
veamdon,1
sohilnikam,1
red_inmy_ledger,1
loveglitzyqueen,1
Notoday94159081,1
deuces_papable,1
DanielHerreraO6,1
hollster105,1
biagruppelli,1
daaaaaaann1,1
_escobarb,1
Depphea96221403,1
goergebig,1
King_IVAR868,1
gumi_tha_carrot,1
Charlie80433578,1
bunuglee,1
Hot_Flipper,1
dylspen14,1
ConscousOutlier,1
Meyaseensidhik,1
CaitlynnHueppc1,1
Ozzie44312993,1
Leorodr99337791,1
Snoww______,1
JacobCamzabob,1
jess_mochi,1
givelifeafuck,1
kcir_tseknurd,1
dukeland99,1
loveforcheery,1
roozbehN,1
IndyBajan,1
trblmd,1
RemixIraq,1
Arima_by,1
rimugu,1
Luddah08,1
violetoblivia3,1
Nevaeh15181540,1
Dolly21850493,1
ilsaromanoff,1
KengeePatterson,1
TowaMusa,1
PunkJumpstart,1
GBedhead,1
markie_akles,1
es_loey,1
gagarin_style,1
Misha_8273,1
Paula77978133,1
BeccaTGC,1
AmyK70314105,1
biersp,1
_g1ory,1
LOVE_EXPLOSION,1
Shawn00271798,1
Diehardgooner2,1
RadhaTells,1
AravindDepp,1
hoarse_feminist,1
ChudailKaPati,1
_MrRipley,1
Sonia85cr,1
Miffy15604028,1
ameoli2,1
babydoll_spice,1
Strange_Loner,1
igoryan_d,1
Mkendars,1
yusufsmurf5,1
cheemcheem98,1
sebastian1alzat,1
s_e_b_a_s1,1
julissa9030,1
ToxicAp3,1
krimmaaa,1
saaren10,1
abakrmuhd,1
suyapa37554072,1
SinsHere89,1
LuisGon121697,1
Lady_Moon_V,1
YaboiVange,1
arshinkina_v,1
Pietasu59,1
skyler12305338,1
ImRyan,1
ZaraMage,1
hey_its_sanesha,1
juz14girl,1
SJismyoxygen,1
Kizgin_kizz,1
allhaillouella,1
ATWlover13,1
the_gr8_autismo,1
kaloozy,1
Kaamos_exe,1
Dhannndhan,1
Liliana28460778,1
UmCaraQualQuery,1
BullShyter,1
xkryptorozx,1
selmanyangal,1
zangiedoes,1
xellonkun,1
AmandaFlesher,1
t4keoffyourskin,1
Ella19298988,1
asyadreyar,1
unluckyomen13,1
SheaDalpiaz,1
SpazPhoenix1,1
Val1602_03,1
Meltrashh,1
Notarealdoctor7,1
Mo44mo44mo,1
almeidamy93,1
MeszarosSkye,1
MeyAvi7,1
MollMV,1
_Ferris_Bueller,1
Peppery5974,1
Dra_izi,1
domnickhayes,1
66b639edbbc14dc,1
1worldwayseer,1
TheRealKueenKH,1
______wil_liam,1
fuckthembees,1
msnclylng,1
clairelangstonb,1
bonedaddyash,1
muqeeri,1
aussierinnie,1
JohnBla27209136,1
spookyjokerr,1
MrBlueJays2,1
Angel_Applehead,1
zairagarciar,1
Bannedmasteria1,1
svxvrninv,1
acidddaz,1
blackness7778,1
AsunaMiyamizu,1
agentr9154_2,1
91Eafp,1
jenna_hill1995,1
toadiemama,1
Rych182,1
braiahluv,1
Marisol_1201,1
BakuryuZen,1
LunarTheories,1
Alton_TheChin,1
chadsoandso,1
ortiz_l5,1
Humb1yGrac1ous,1
adriana_bracero,1
dchilds_94,1
Belladonnawitch,1
SaucyKitty11,1
AddisonSavage2,1
ImNotBabyGROOT,1
Lostkrusader,1
wooribadboy,1
_AmazingYezzie_,1
RYANGTHEMANG,1
Scarv3s,1
PopokHati,1
ForeverAft3r,1
ManchildOutcast,1
EK4STAR,1
VanillaKeeks,1
KimXoXoAiden,1
ayleenx_x,1
ialwaysseeyou94,1
ClarenceStinson,1
Alya_Gillrty,1
flammingpies,1
Susanne267,1
acejuuni,1
Pippastrelle1,1
indigenous_w,1
Tumskichi,1
lyshka0221,1
studynabrnch,1
BestFumino,1
MinhooSn,1
Stonned_Bunny,1
irekarada,1
kekeeeett,1
simaopereira11,1
negari2002,1
booboodafoe,1
uRbAn_gReGor,1
Padtos01,1
KataGotClawz,1
gbeducitynews,1
unkxnow,1
MarkSuckaberg,1
lenawagler,1
_adastraxaspera,1
Raniastyles11,1
angieblackbvb,1
xO_hdez,1
La_lesslieee,1
ArielPa63406828,1
thieftrashpanda,1
RaghuRamK16,1
Frank10Castle,1
BTuczinski,1
AJGaquit,1
driizzymike,1
BrittanyBrennum,1
Astro_steel,1
WaluigiTrump,1
Dreriporiru,1
Effis_Nct,1
e46kingmusic,1
Lady__Aradia,1
OompaIsaac,1
Radoslava_1996_,1
LavaLampLumps,1
kaanwsx,1
ARdH2o,1
No_One007343,1
GabbyLuna19,1
AnnaWronska966,1
Maxbravin1,1
franklymaven,1
wizbang2093,1
La_Frikeria,1
MisterFireTango,1
NotMoose23,1
Chulitaaa02,1
vnblake94,1
KaarenOlivaares,1
PorkPoncho,1
LaAssyrian,1
DivoMortensen,1
geektive,1
Ju63177941,1
yur_momgay,1
ProrokMoisey2,1
jasrem_cci,1
iam_stanfield,1
JuanStradaS,1
ScottEggert4,1
gabykworldd,1
Isaac74426332,1
KungfuScubaBAPE,1
PKretser,1
emyldiaaziraaa,1
dimsumtam,1
Largo4589,1
Batman_2020,1
Marie270881,1
deputyd37835329,1
LBoobooz,1
colstonhart,1
pyties,1
LadyRocker_85,1
mjj58_abigail,1
stevenneka028,1
TiAmorfa,1
goku6600,1
Fares73325529,1
scrolleame,1
AlishaConnie,1
L4BgqQc9KG5vEmc,1
SoExtraBlog,1
princessmina626,1
FjalarT,1
mosfiqjawar,1
affleck_bruce,1
MateuszGhost,1
flickeroficarus,1
Salah96836647,1
jardeldearauj0,1
jarvisgods,1
GaryDarnell17,1
DapperSama,1
TiredOfPeople6,1
Melanyziurm,1
Fornarina_R,1
UnitedNumber1,1
elicruze,1
Adam_Lyyy,1
ValentinaGinary,1
AlaskanParanoid,1
femmesol49,1
SatiricalVivi,1
ryanhedden1,1
Uno16466090,1
Un_Guardia_Ca,1
apboxZNFJuS95JL,1
R3bb1t,1
Witchrott,1
dileepveeru,1
saragoncalves91,1
LoucaVerbeeck,1
RossenAndre,1
SoWhat2407,1
kipsanif,1
healsoulwithart,1
verobelina,1
pedro2510192,1
tapkom_po_jope,1
LRus38,1
Halukarth,1
drakedread09,1
LouiseGaelle,1
hobidokie,1
liagalanodel,1
yiboinskirts,1
selffiysh,1
JamielynnKM,1
SvetaSidorenko,1
ElleNess6,1
radwaabdallah1,1
EXOKBAEKHYUNAH,1
_negative0,1
noonijahdedios,1
MargaretBayerl1,1
Tiedote,1
adopymous,1
ohmylokigod,1
Kaitlyn00720539,1
layunii4,1
VivianRincon4,1
SummersMadre,1
SmokedSausage2,1
EriAnna55,1
MINDOFVENICE,1
LanFear77,1
OGWux,1
Hob1Hob1Hob1,1
P73846318,1
thankful_99,1
DamianDuck_44,1
NevenaGaneva1,1
thxtbxyy,1
UdlaChannelEc,1
IsaiahLin,1
SlammonCaitlin,1
elisabethlooool,1
onegainaruto0,1
gryffin_bream,1
616305423,1
CEOofBendy,1
selfish_bean,1
lmdyinggg,1
rosemanzanilla,1
dFWJo8YvkhDQTcY,1
ticklemepeace,1
MeeshBoz,1
CollinManga,1
SegalesDayana,1
PlushAndSpicy,1
KorinogaroPL,1
ChrisLambChop18,1
ElGordoDeLaMeru,1
too_cool9400,1
Hard_Yeoh,1
ughhhdiego,1
SmittenIceman,1
uvegotwhatiwant,1
_zeymycmad,1
alvaroglin,1
MiaVener,1
sadbabygahl,1
RushikeshR41,1
thatguyLevi3,1
Fabrici10850820,1
mr_myamlya,1
novia_ken,1
oglaubersilva,1
Queenkayra1,1
ASSHAILE,1
1952Sean,1
KarenRoArz,1
KillerbooNick,1
KhaoticPie,1
rabinhod59,1
abaglax17,1
PeachyK43325124,1
im_dumb_lol,1
Kitsune_Reinara,1
mzainua,1
Lhoriee_,1
WillTheWisee,1
SunilBose14,1
Iron_Rafe,1
mattrob05971853,1
beatrizrdcruz,1
valestears,1
kdzencan,1
LeighLiving,1
rinde44,1
Bunny9413,1
KEngelund,1
m1nu73m3n,1
karelys281,1
Lindsey14519321,1
GustavoCruzGT,1
l_etisia,1
jacquie17368896,1
lyssa69441,1
Viralnovaa,1
IfugzwithXCOM,1
Allan_Bani,1
Bossie84,1
SuttYui,1
Margaretp2508,1
DervishHellcat,1
_LaRaclette,1
pixelasylumart,1
KameosLastStand,1
Evan_Dood,1
Hinariz,1
ArtRobertparker,1
JoChobo,1
ramioon,1
XOPrince563,1
XandarMacabre,1
LilUziBert_13,1
cydneymandrew,1
mmmiiiaaahutson,1
bbrisa724,1
alexisgarciago3,1
john40997710,1
fanofindieacts,1
mayparag,1
UghRene,1
xLovely_Dove,1
lesley_broccoli,1
kleguecontreras,1
e_hoetional,1
Bieravuest,1
Mechell26946929,1
LRonHubbub,1
PerepelkineGS,1
e_Broky,1
MrsSpamz,1
HibiscusJones,1
Mars_Marathon,1
nxyxm,1
Not_a_Menace15,1
vanmak_,1
Tattitimmy,1
RickPatLeidi,1
Darius__Rice,1
Mangie_AisA,1
12yearlagavulin,1
sQi4AksblVO6ePh,1
LediAlucard,1
OliviaOllikain2,1
AilurusF,1
orianaa_03,1
DarkionAvey,1
WantWatta,1
apollos_space,1
bbaepsaex,1
eleonoreboun,1
DavidReyesH,1
Seiryuki2002,1
malcoImamy,1
cc_discovery,1
Anastaiya_Sh,1
iguessimvera,1
Kakajettoo,1
Natalie0280,1
straightbullshi,1
LukeLukecharles,1
BBeatrizXX,1
invinovera,1
king_bangy,1
RavesTrump,1
maxzombieballs,1
rogashovanastya,1
trixen8,1
mariiKarmen6,1
ElizzabethMel,1
JanPaulX1,1
YKornia,1
McShmoopy,1
pXSc3eFbfUMdXDW,1
Mercury_p1,1
LalitoJarquin,1
DadHosko,1
DebbieConnoley,1
Alaspooralice,1
erikaamolina,1
VICTORF6921,1
ohsmiranda,1
shinoda_karine,1
daconsciouswon,1
cedec0,1
beyondblue8,1
bar90m,1
Shuttrbuggn,1
_VanesaTovar_,1
RataSucia8,1
LAntonieto,1
eddiepaz,1
mouthlikeasaylr,1
Aesthralle,1
Sphinx11428501,1
katcake17,1
Braga_Cavarzere,1
lizydarcyyy,1
BaniekonaGmail,1
lebritneeeey,1
wilkidesu,1
noone_nr,1
AvarezJenifer,1
AzucenaNena35,1
Livvk90,1
JOSePh444444444,1
maasfilm,1
jose_PoncePR,1
fightx4xlove,1
Amblyo1,1
rafahribeiro_,1
Sethyliath,1
js78999,1
TiffGraceXo1,1
SabreSiz,1
_ArtHoe101,1
mikeyc201,1
_ciaranjones,1
_lizlovelace,1
SpookyBitchCult,1
Sixthedamaja,1
Dukiel1,1
TheQueenBeeBop,1
luneroo111,1
heyimaldie,1
kawaiimau5,1
MidlightP,1
shine_shyna,1
CarlosMezaP_,1
WooKairos,1
Saramohammadi77,1
vanessatrippy,1
GucciHolyWater,1
cash1927,1
Gdillllllll,1
ymxuerong,1
karla_CCo,1
Evan_Of_Whills,1
1OTGRadio,1
losientoperosi,1
spicygoog,1
ToCuVe,1
akisha_o,1
MOAW07488808,1
Karen15104396,1
jp_tech1,1
ElizabethSw13,1
Kayrash8,1
madsnicole7,1
trendawey,1
Chelso8,1
Cat__Atterbury,1
hodorlicious,1
fern_t87,1
EquinoxOJustice,1
KingNickZaza,1
AnaMariaGC_,1
misstangtang1,1
bigsmark,1
denis_Bogut,1
maiz81368473,1
tendrchickens,1
DeppHande,1
Max_maxmax_,1
VaultKobold,1
ChamseddineChe3,1
willowlikes269,1
NuIIify1,1
thejoester,1
izaak_wright,1
Santiago0312001,1
MT_Sawayaka,1
emperatriz__,1
MillieRoseWolf,1
WaffleGoat666,1
space_whale97,1
AbhorrentAnxie1,1
sinseiofficial,1
alliluvkpop,1
Tatiana49334391,1
JSWales1,1
woahsupey,1
NoirFatalis,1
Army43328176,1
MaskedAbey,1
paronpaj4,1
tokyodepp,1
ferchisom,1
NFiaMoo,1
vodkastr8tnogay,1
BangtConfident,1
BlueFlower1096,1
hiirruummaa1,1
tabbymichelle,1
80Z80NY,1
TooBOrNotTooB,1
GooTwinkie,1
itsadam0202,1
Josephi54872460,1
DemiseAvalon,1
Sunee91261624,1
MiraWyanne,1
PsyanimationU,1
lietxi,1
YelhsA99807175,1
JexnnR,1
pixie_sol,1
rustonyourdoor,1
Juancho46166034,1
KenSocial16,1
JuacoBrown,1
duhh38,1
KiseCrazy,1
HumpheryVanWe,1
MizzValenzz,1
Sheeplover6,1
chavda_devansh,1
chrispollard900,1
falso_positiv0,1
ySnooow,1
tvbingingfiend,1
onlykimtaehyvng,1
dezertique,1
sofiapeachy,1
wickedshy13,1
luedecristal,1
ShelySinte15,1
Lauraperes114,1
kigs_migs,1
yeeehawqueen,1
allergictohuma1,1
Eny_LoCa,1
ceejay019_,1
luisangellafa,1
BroCoad,1
animexyaoi,1
MuriloHCamara,1
aldy_dreyar,1
flowerdani22,1
weirwoodwitch,1
MWaqas50125012,1
Broadwayfangurl,1
HasakiYayoi,1
Harman70009,1
CamMinnieg,1
nikunjc16012855,1
RawrJessicka,1
Lovely440,1
AndyLP99,1
SURVIVORSGUIILT,1
DawFfraw,1
_moniknik,1
isaidthat78,1
marie_kpop7,1
Audomaroventura,1
88_Nomada,1
haosbutterfly,1
Alex3Vs,1
cv_danitza,1
BolangeAlts_,1
Dedecooooooooo,1
WritesDanger,1
cookieecosmic,1
AnneEdien,1
Anastas79589834,1
NeneMonster2K18,1
existanceale,1
loudremagic,1
FanboyMundo,1
Deminemmerss,1
Santiago08Lucas,1
alighierisymv20,1
nelson_kaycie,1
zee_neon,1
LavellanRose,1
noionlikeit,1
bibi7991,1
ohheythere28,1
Ricky97454199,1
Neri46732470,1
VigneshVikky27,1
adarkmess,1
FabDel0212,1
Ganga_og,1
tonicbell,1
aryfreakinanna,1
Gray71747556,1
Melisszu,1
DannyDepp17,1
OldGame5,1
S_Miranda__,1
Yosoy_pepper,1
SallyLove1628,1
youcancallmenaw,1
alexhanderp10,1
purnawangsuni,1
C_fergie269,1
franjf07,1
BallersOdds,1
PebusPebus,1
letsrolljaem,1
aba_eazid,1
Mile_TaeGi,1
Badoris2,1
koieijiro,1
Ludemi_,1
TheSmileHoya666,1
insertname876,1
Garildo1983,1
EShortcake516,1
GailLea30994379,1
dharmat23340204,1
DeepJhon1,1
dorfseeler,1
anahermosillo11,1
rhythm_gore,1
aLeGiggsy,1
aBHiK81148602,1
Riskyanna49,1
StellaStar1236,1
Yuri_kasau,1
ennyola0015,1
nooricakkes,1
prabhas28pravin,1
NoobMas26644116,1
Mariah39790935,1
CMarkGodfrey,1
Pace2017S,1
IAmJC_FC,1
AresPinoy,1
Skaterx999,1
jjlola99,1
ninjaduk1es,1
hyogi_s,1
CrystinaHenry,1
YendisGabo,1
whatamerecle,1
TormntdS,1
ann_got7CAG,1
shamshe18731292,1
Fahmi_AdhiS,1
ShrillofRights,1
fx_JinJk,1
deiynna,1
serenetwili9ht,1
christosdrs,1
svmmerfloat,1
Aree31258880,1
lucasmkim,1
april19961,1
burgersammy,1
_RealG15,1
404_just,1
silenttactician,1
VamosManaos16,1
LuBTSArmy,1
twiceell,1
AGBMedicineCA,1
richGotto,1
Michell67051004,1
sicilianhunter,1
ValeLavalylo,1
MeeDee_396,1
Noiro9i,1
HirmawadinaT,1
deepeshalways,1
miguelxd_angel5,1
shaylakristine,1
LeeFender4,1
ManguitoAcido,1
brettzin,1
xmmw3,1
oiiiloiiloil,1
Habitual_jimin,1
abhilashraoj,1
MrF49976619,1
amoraracnido,1
mainepaz_,1
racclu1,1
Dew_EndTheWorld,1
JKOnlyAngel,1
TheMags53,1
scholz_jack,1
MuppetOscaBilbo,1
Mrs_AnnieJones,1
UWtDOtHz2fgCsYU,1
neyraitzel_,1
Scarletsk0,1
rj_woood,1
YaPadd,1
IntBandNerd,1
KittyG4ever,1
JaraKatta,1
CaptainHotAss,1
BogartNo,1
Aquelecarali,1
_LargeSarge_,1
urlokistar,1
YiShi12865188,1
MiracleFireman,1
VABanna777,1
SophieMarin16,1
ArmariaNaaam,1
_ChrisCosm0_,1
teethy_b0nez,1
FERCHIS201,1
ConservApparel,1
FrancysGrace,1
Alex93312734,1
Dante_WayneKent,1
cosmikgoats,1
tais_negrao,1
annemarie1218,1
ArfaazKhan2,1
KlonSiv,1
SunflowerAreLou,1
meanestswift,1
AV_Teodoro,1
LiLjprods,1
OvanneMatsumot2,1
SdWuisang,1
geeeniaz94,1
AwayTumblr,1
SpanishRambling,1
Ramansinghpawar,1
yinyusanqian,1
snaklwoal,1
KlNGSUGAA,1
AndreaParejo9,1
immnapat,1
SteamEn83954980,1
AnkitBh55250512,1
NinetyReb,1
Mugundhanselva,1
Sunflow76950501,1
Charles_1210,1
robbiedamico64,1
othelthorn,1
munshi_suhail,1
cuteawll,1
pranav_surve,1
vimathan_,1
MatthewHopkin16,1
lyons_pn,1
Siuri_Zac,1
altoctrl,1
MothmanOfficiaI,1
liamostos,1
gdaleess,1
itsmeanttobae,1
lyssavaladez,1
hazard3920,1
mauricanonero,1
erickvante,1
ValexCoffe,1
Min71747333,1
MakeitwhistleB,1
Obsoletecat,1
corbo_andrew,1
_karenOvi,1
Green_Soul__,1
LuckyPereda,1
mizorygamer,1
ohnubs,1
cbell_jr,1
giantsofmusic7,1
ailobalbas,1
ThePunisher_08,1
CazadorChile,1
mariafeALDUB1,1
kaw_itz,1
PrinceGYfan,1
JezMoiMeme,1
claudiajreynaga,1
luvMilanx,1
rxevbf875133,1
savageXren,1
Ji_kai_,1
M0raav,1
crocolicalisse,1
theidiotdude,1
GopalCh05271113,1
LombeBNgandu,1
AintBitchs,1
_itsvampi_,1
SOPE__FOREVER_7,1
rjt_khanna,1
ritikshrivasta4,1
PunishedYoshi,1
movieman8888,1
KateDawson99,1
joelvillacorta_,1
QuilanticKent,1
pastelishyoongi,1
alhimni_a,1
yeolgivelvet,1
ptsd_grl,1
sspowell2013,1
jungkookschurr0,1
mjadan19,1
evy_aa,1
sebaraider1,1
ChillyWelly,1
mechanteauthor,1
namscrystal,1
ultra_cheese_,1
Ramdaniedanie1,1
babybear_95_,1
Rod_E_Kelly,1
CiaKids,1
CamiArmy95,1
GogoUwu_,1
saanharris,1
MariaPinegar,1
thearcana2,1
Normacat489,1
CPetunio,1
08Siddiqui,1
TheRealNumber45,1
karsosat,1
BritishMoonman,1
iamDanielleSans,1
pragmatarchy,1
ByBonusMx,1
andres93478902,1
Estefan47396390,1
joonsplumlips,1
ashliesaur,1
Chaka2nd1,1
FeatherJmeee,1
evertos,1
amitkumar200199,1
HPinventing,1
RDJAkshayKumar,1
Realpradeep_,1
Gcargueta,1
ggabo_oo,1
Azeliusj,1
Srinath59883818,1
munnachatterjee,1
sky12967,1
Sunnyord,1
GabooCastroo,1
JaredFalk4,1
pickupthephonne,1
XantheFeynman,1
vaniadaniela_,1
ExposingMammon,1
midaox,1
ysalorraaine,1
BasementDream,1
Mili66Pili,1
ashleyrocket3,1
peye1412,1
edgarmz96,1
euopsi1,1
Just4Bamboo,1
letty_doroteo,1
april134340,1
dcraft0908,1
TiiffanyO,1
re_jedi,1
olblueshorts,1
JarumiLu,1
Victor_2Time,1
LauraVa84742837,1
hotboyseokjin,1
ECharlayne,1
JavalBasulto,1
LarissaOcampos1,1
a_apfan,1
Cyndyism,1
ahcapitu,1
cCha1111,1
soungsuda5,1
maskaltsone,1
3011ThStreet,1
Dyamoudino,1
SabaAfghah,1
sapphicwenz,1
wickedbxxtch,1
albbaa__01,1
YourLemon2,1
iam_sashapierce,1
cassiecobain7,1
williror,1
ordinarilyellie,1
medyamagazini,1
FelipeMarn7,1
OscarUr01972497,1
gthelilsunshine,1
OnSelfcare1,1
eusombra,1
kingfucpanda,1
ChilledSatan,1
sfk_artist,1
Day_rose_xx,1
kumatiranico16,1
Cinemawalken,1
JMSTELEPATHY,1
ticoyanes,1
wyrmwithanm,1
YoReaps,1
chimchimddaeng,1
RachoftheGalaxy,1
Prollgurke2,1
photonlust,1
seren_1995jm,1
D_D_USMC_WIFE,1
machtnarr666,1
Bi4Kpop,1
Irontrader9,1
darklink640,1
reypalomo007,1
yukpallet,1
IyinAli,1
ChrysGk,1
Tabishsherani,1
OtuBabaKings,1
ddu_ddu_twt,1
koonminie,1
radicalthot666,1
JSSFashionDolls,1
Jouleeees1,1
BooBooVal,1
Smolkimm,1
_sxsarah_,1
DonnaHi08887397,1
16DIOuglaS,1
FredPipeneda,1
jujiberries,1
Barbaravillato1,1
sepultam12,1
AliceSadako,1
Craggleswick,1
hisokasnosehair,1
yiboego,1
swh96sKmQGLtM0A,1
sagap32672003,1
hustlemyad,1
PUNKERDABI,1
_mauverose,1
_ZiaZia_,1
jai_onei,1
Jacobli83663380,1
LRichardhearted,1
dany_juarez527,1
YourJanuaryHope,1
suscahilkopek,1
_paolagamboaq,1
HolySatanBatch,1
makekekekekekek,1
liqing0209,1
Plexation_Tweet,1
rmslunainnit,1
SaraDeOrnellas,1
Mary43334528,1
DonRene7,1
cleverrname,1
Bwhippedcream,1
dldantagnan14pe,1
jenni_vargas,1
Slutty_Froppy_,1
NikkiFe20155167,1
ohmaeri94,1
saperBR,1
StudioScallywag,1
ivanna_panda,1
Guty_Rayada12,1
NPCfour,1
IbtisamMaghroud,1
abbashanif386,1
HanweiW,1
irisshelemen,1
bellabhexin,1
SadGirlToy,1
golden_maija,1
TwittsOfJoker,1
rosetattooash,1
Allison11627905,1
Ibrareitz,1
simsim2607,1
Rapsoda_rapero,1
SheaHeath2,1
mutecockatoos,1
SteveFlosstin,1
GabriellliTeix2,1
jonathan_hedden,1
PIPOXYZ79,1
fefiialejandra_,1
battyxjaw,1
ViRomantic,1
slavaykraune,1
SinitarGaming,1
FXCTHEWORLD,1
YoMillz,1
ahahahh97474510,1
xaochoa,1
bach0telli,1
RRRYYA,1
FranceliaEspit2,1
HazelleMiya,1
TSE0KKI,1
christalyte27,1
Shuruga242,1
Lorenza32701664,1
canishitpostin1,1
phroiynacess,1
Debsmind92,1
Joemulwa11,1
Akaisullivan,1
Carfrancogil,1
arbermyderrizi,1
Asya61625373,1
LIU_SheungYuk,1
jhern_20,1
Sueli45717225,1
Jarrodisjoker,1
itsjaebeombitch,1
nadiadusk,1
raven_skeleton,1
GerardPyro,1
Rdz_Dannie,1
ArifOnVita,1
Zivian2,1
NeroDynasty,1
TheNewDameQuinn,1
heLUVZkeke,1
juandie77006507,1
solitelove,1
Cr8zbitch,1
MondayUchenna,1
FuckChinaski,1
andymccool4ever,1
xxSwagLord421xx,1
hanib0t,1
PackardShawna,1
awunisule1,1
TeleleSr,1
TheLifeofLG_1,1
tum_ultim,1
XactoG,1
reinaleni,1
ughfreyy,1
30maleficent,1
sundieer,1
juwalking,1
JojosKsj,1
UglyOne10,1
TINIJJK,1
ohradisyn,1
silvitamaldia,1
iamShyd2,1
willz097,1
_shanenaaaaa,1
Dravenasy,1
sooricgalll,1
hoeldingontohoe,1
zinkovskyr,1
shonit54,1
HoneyLe41700219,1
honksybonksy,1
zomber_nina,1
jkkkhhacijbre,1
_yag0d,1
bisquitregaaal,1
Albertoojvz,1
BV7h448ZCsAxSMA,1
Gobi_Faizi,1
rodrirosse9,1
bobmarleyuni1,1
j3rs3ygal,1
EquipeColette,1
Chuchumeco4,1
dmobilepots,1
garang_lester,1
TamaraBaer_,1
Alfred__CH,1
Biz_co_chi_to,1
Fireboo6,1
TelegraphLocal,1
_jnasty,1
BreeGottiii,1
ryujisimp,1
Bossy22_2008,1
louloudablue,1
JeezyBoy8,1
TheEisenkoelbl,1
ViolaNight,1
iivxeeyahs,1
zixuansss,1
Maarshy_ls,1
honi_lemon,1
_berdengberdugo,1
lyftmensch1,1
BalogunQadr,1
Peeri0r,1
GeishaDollSally,1
mojno_v_China,1
demonetizeddark,1
MicahInfo,1
Smartinchris,1
almag0621,1
JoeyTheMisfit,1
nahuyamneeto,1
meeganmarie93,1
jannahskywalker,1
shinchan_Cvam,1
LuizconZAnthon,1
trturrk,1
Alex_20P,1
apollune,1
Micaelo_Draw,1
CHUCHILIN,1
nwa_oji,1
Tine244,1
logicalkiller98,1
SuperEricksenYT,1
MadamOscuro,1
men_legends,1
iamrobot_t,1
WANLOVESMARK,1
rinriot1,1
ParkRose8,1
informate_20,1
skullking7602,1
antonator115,1
DccaDance,1
saruggh,1
DargoKillmar,1
farahiy4h,1
nlove23,1
grrracealawi,1
anshar2002,1
lizette59159395,1
sara47470238,1
GOATMurdock,1
kellysuckstbfh,1
julie_tribbiani,1
ElDannyStark95,1
victoriacalero_,1
lemelere,1
Elena9877,1
poorbbyseokjin,1
GrokKing77,1
Ana_MirandaJM,1
adedaporh,1
rogerdoj1,1
fazedby,1
CryForMeGG,1
Cheyanne_Kendra,1
Primordya4ever,1
Hekmatii,1
lil_swan_,1
fanasma1,1
peaky_poet,1
julyt755,1
Churchillito,1
Aasiiyah1,1
Cherry162J,1
Al_Kolon,1
CamilaBChavez,1
Michael44ever_,1
NotSoLilNegro,1
DesireeMoila,1
BTCAAApe,1
damnrightjenny,1
BetsaUwU,1
tinatinonet,1
Sunny11276671,1
Timmy91169983,1
AlyssaHappy1,1
Sinaguantarver1,1
darthkadr,1
moonnerea_,1
ghost135115,1
afrostedrose,1
BrettScr1,1
Sherlockhome69,1
SammyMudome,1
helllucinate,1
Quinnholic,1
MaleMindset,1
truce_top,1
god_childrenof,1
AnaCavallini1,1
FrankkFrankiee,1
KojiMads,1
jacksontrinity9,1
Meowdyyyyy,1
fernandoxica,1
BilboBerserk,1
Jovi_AM,1
CaioKerstein,1
BadLiar05,1
ganqingfs,1
princessedz1612,1
ubermk3,1
APamgkrth,1
Milena21583797,1
MikeWeaver800,1
Zitizen_Caine,1
DuoXKoga,1
The1tru_LeviLee,1
EviiG1,1
Ayanda_bruh,1
narinarnia,1
pablomonge2016,1
xbeautiful08,1
thelocalsadkid,1
TheArchitect009,1
terabyte108,1
AVVCB,1
tashauera,1
alissonn_pr,1
TY4yourService,1
maelygm,1
KittyKa99554746,1
chatique_,1
Vindiga_Street,1
itsmeanva,1
AntoniettaSingr,1
BNinja_Number_2,1
BettoBorjas,1
BLACKCATAXA_,1
madame_marie95,1
KarimFleurs,1
animekitty666,1
tpace123,1
minacuz,1
aarques9,1
emmanuelluur,1
gumbieghoul,1
rosaliebissonn1,1
vonbarme,1
lilplasticdummy,1
_ddvine,1
Simon98922222,1
pinkallura,1
sebastiaopint13,1
zpuok619,1
media_unveiled,1
ghostiuhh,1
2k2y_,1
Fatemehsadri1,1
serdyukonelove,1
Mirsey229,1
RebeccaMulhol14,1
gianella_028,1
Mythrodak1,1
cristi1D_machuk,1
Alison62693322,1
succubusbunni,1
kolahbjss,1
la_ange666,1
Algrano16,1
Ndivayele_B,1
LadyCap_87,1
Ashnflash,1
JeanRodrigoR3is,1
502badgateway69,1
AryanPa42554013,1
grobic1sx,1
TOMAX_555,1
ShaikIfthekhar,1
goingnoig,1
iammamibeng,1
ghoulboi_666,1
lerato_motau,1
cardozomilu_4,1
firstragedy,1
zhizhekian,1
LaaJuCorMa,1
yasamtrend,1
goritsarai,1
Fxndelicious,1
Caro1005,1
Hrshyplm,1
faith_hermit,1
ShilpiRavenclaw,1
crazyxdiamond12,1
981sunnyday888,1
RossDixonEllis,1
lanzelut,1
oktvxo,1
_chee_som_,1
Fairol_Maidana,1
NotAstar88,1
madmalaaf,1
mowiegayling,1
MarvelBuns,1
FaveAuntieT,1
tbangZ_kekana,1
shonhudspeth,1
binstay,1
7Qi3dHXJZhhE1aO,1
mr_4lef,1
LuisTor52206598,1
maki_oteyza,1
Neocultwayv,1
Janet_Peabody1,1
smirley45,1
BIGBANG5KING,1
BiboltTaimi,1
yavarhussain,1
dhanieltunde,1
KhanSahab5454,1
Rdxsama1,1
ApselTheBlue,1
LALISAFACTION,1
GreatEduKater,1
mermermehmeh,1
MValaguez,1
manapoga,1
ld_miranda18,1
GregorPlaxs,1
Castle_454,1
smileyman20,1
7KONismalife,1
maythinzartun,1
fluffbmgyu,1
save_3T5_me,1
TinaBina0404,1
ruth_rrss,1
winwinhart,1
mickclaf,1
geo_graphic__,1
yasoop_west,1
JSatyre,1
SamIsNotOnATram,1
VickyVi1841,1
RidingOnASwan,1
Daniel_ckung,1
horrorxox,1
DesertW46322867,1
riaka74,1
jesusalex896,1
OlumuyiwaBlog,1
chukwudumemeif1,1
jeckified99,1
kinohimitsoo,1
TimelessDoubleB,1
jeremi_809,1
Bea_Kateeeeeee,1
ryanto_arif,1
CMonika91,1
Giuly200000,1
BurairKhan,1
sp19710,1
Rosario01349821,1
COLLEENMAMATES,1
KingUmagi,1
_AndIamwhoiam,1
vldlx,1
Albemayra,1
OctavioRafael,1
hanisthename4,1
tiana_diora,1
Seakook09,1
manish_006,1
harshagp,1
BreefCary,1
Diedrick_Ray,1
jasxnwittxn,1
Saat24255014,1
BlueDream_2008,1
murga_liz,1
BerzerkaMirka,1
juanbcks,1
LeidyGaray7,1
missRed07539952,1
kanikaj02945959,1
ASH55982708,1
KfayaKeeda,1
tetxgguk,1
Doomboi99,1
sylpha_,1
migayqtie,1
blurtnobrain,1
_Shivani_0_2,1
zosoari,1
DewiHar99998048,1
China_ELF,1
it_magatti,1
Mishelldepp,1
wenkarat,1
abnewlove,1
JimmyOluwatobi,1
xRaven_Nicholex,1
Angie40430561,1
EstefyLeal,1
ZeigerTude,1
Chizii_N,1
ttinkkerbell,1
AsenaOprah,1
andi_garro,1
Mohamed43057768,1
92mints,1
Cazzate2_0,1
la_mikrokosmos,1
Ayjayyyx,1
milenadelrey_,1
bet_csp,1
lxdyanarchy,1
MayraLopGlez,1
CronosRely,1
lc_rjc,1
tazkeyk,1
Meriekrees2,1
meganlimara,1
3Plo1d,1
adellisme,1
AgustDsngs,1
d5O_oLY,1
ydnewevol,1
MyxcerMS,1
LaGuerita_yo,1
nairobi_vibes,1
nyaiyeol_,1
saidurga396,1
vickramdani,1
shivvamm8,1
nyxjeon,1
dunszn,1
kingmass180,1
sardarwaaqar,1
Diamond5hard,1
Starsparkling_,1
CrizPrz,1
mandalia2208,1
fonnoym22,1
127LEVl,1
Car15Lucy,1
YashelPark,1
jedimasterwill5,1
Shadowpa24,1
ParnoTime,1
JayStombock,1
kimshoex,1
EmilioOsorioPE,1
pakar6et,1
Ailishfitzy8,1
alexpaulkwrites,1
lletilu,1
DontaviusBrisc1,1
Geo34683948,1
c_charles4,1
missiv6,1
Sohail_012,1
heckyesipetcats,1
aaOvxFvljvgmKhB,1
Chishimba_N_C,1
Nerdy_P,1
jhopefthobi,1
ironmanggukie,1
aiminoooo,1
lgraham30,1
dhailee032,1
valdyharis,1
greaterdanniela,1
staynayo,1
IKEMERCY8,1
switchkill0,1
Bre17434430,1
art3mis__love,1
tgriff37827030,1
vasi_butuc,1
Andrea4travel,1
olatunjilegend,1
Aldwinpawl,1
DeyCallMeFlokid,1
Lukew1101,1
AnelGTR,1
dcalde6,1
bibeyyyy,1
TPayne3103,1
AisyahAlison,1
IlPrincipeOscu1,1
taruhpoker88,1
davidcruz2000,1
yuejisoo,1
RrgRafael,1
Yugen666,1
abhirukChatter1,1
gudshittt,1
Venthusiast1230,1
FabianCedeno,1
JanieireMota,1
reshailawan,1
Ourwildrideshop,1
medusadeux,1
Anni_Rawenclaw,1
MJSim6,1
Anarcoliberal1,1
parkchaeeyoung,1
lenkey_lee,1
ideate_vision,1
JaviTheGOAT,1
JYPETEUDOONGIE,1
AURRORAFIRE,1
ThePunisherMHN,1
mugenop2,1
lokihasmeloki,1
BritBrit210312,1
FuctupMike,1
TheBurritozilla,1
rm_uhgood7,1
cindi_dm,1
Nightfury362,1
samstroutymouth,1
Vulpus_Vine,1
amy_liao15,1
Ididntaskbro,1
yeolmaeexol,1
SajjadK45162448,1
Lijuh1,1
KiaraLe74705229,1
Laidton,1
Carolstan6,1
TomiPopChamp,1
Emano_Juli,1
Brando18241872,1
minextra,1
Stemar7Denari,1
brandonbiitch,1
joycechloego,1
TanyalukD,1
MAE2927,1
burberrysbee,1
C0mment_Reader,1
DavidHeayn,1
Diana80117472,1
Guille_Rex1,1
Alanpr16,1
VfxVoltz,1
taureanmochi,1
MaruGiraldo200,1
jengjengjeeeng,1
that_sergal,1
Riivrrr,1
creamblushi,1
200Amira,1
ramarahmen,1
cskathreya,1
David79056135,1
JK95z,1
techiewood,1
KBKR219,1
CaptainPonce00,1
AshterHNawaz,1
Savannah_CookF,1
hado_dark,1
joeychan997,1
graballnew,1
SalmanWasim02,1
Sureshniceguy,1
moni_dr1,1
bomxibomxi13,1
fridirs,1
miss__joo,1
sunfyre3,1
AmeegsB,1
OmarOrlando93,1
Kaebluep,1
SadUglyPotato17,1
donweston316,1
San38Yaz,1
billionsreason,1
ssjus2,1
DonaldWPMiller1,1
aliana__p,1
Abigail63785154,1
JeremyMcquiston,1
leonarques,1
ctarne,1
Peacelife_BTS,1
standingaimeeo1,1
ahmed_as16,1
almichegg,1
happywithmeok,1
KTEMPIRE007,1
forza_rossi46,1
J30NTIDDIES_old,1
Rw12BUHQbGcPNQv,1
janjro_ramirez,1
ToastyBeeke,1
Mr_Squeebert,1
uncleJohnny_,1
Donald_from_HI,1
Hyaaku2,1
viewerschoice4u,1
NLazaroto,1
isabeljaie2,1
VeerAkar,1
fabio_renatto,1
SRjmp3,1
hotboyaziz,1
jackiezamaro,1
loganlablanc01,1
decerah,1
MdAadil80635676,1
whack__williams,1
mcarmelafajardo,1
MilkToastMAGA,1
MAliHisbani786,1
henson_monet,1
vikramraju224,1
nevillebujang,1
mothersoftit_ui,1
nierw4n4,1
MCollinsWrkShp,1
elsaltamonte1,1
MarioNNette_CK,1
CamieTaeKookGi,1
medhtithi,1
asliffsb,1
ENDERSPEARL,1
Jeffxiyoung,1
Pompeii_SoCalm,1
alyaaaaalya,1
Carlsberg_Rogue,1
RAniiinGaMal,1
EduardoLR21,1
ltsOnlyBecky,1
Xlukas18,1
jamie_lemmens,1
pires_nath,1
carlos1b2,1
PoloBoiForTheW,1
nelo_nelo_,1
HubbellSeth,1
fati_aejung,1
Senpainisms,1
LuisCarlos17f,1
ttvaubri,1
SidorenkoR,1
andyromi_ok,1
JulianVaugh,1
fotomarcos,1
jinkootanies,1
Arathok,1
MiguelNietoGui2,1
midnightsnack97,1
Ashya_Korotkaya,1
EdTheCondor,1
WPileski1901,1
Paigeevee123,1
Thiazole42,1
rachelrosa_7,1
soyonilaye,1
WifeyWork,1
Unknown071044,1
TomatosMuchacho,1
deserved_a,1
demontmx,1
iepidemic,1
GabSoGt,1
That3itch,1
ibrake4milfs,1
the_chaparrin,1
MIMOUNIYoussef,1
Realtor_auto,1
efimera247,1
ProfChunkDudley,1
KhaterDiana,1
ShoulderrYT,1
hermoxiz26,1
AlfonsoJavierL5,1
Xforcemania,1
dtghope,1
i_am_konami,1
xaycub,1
DMkpanam,1
ipryncex,1
Nakilla,1
Nigel22222,1
Valieeria,1
SHAWNA3018,1
Sothym_,1
Pterolykus,1
DylanHa10462839,1
DavidMR07,1
kpeterkin101,1
zamojaz13,1
snakegay2021,1
anyrak_c,1
cjconroy27,1
noblepuchuu,1
deultimahorard,1
alexander_13fw,1
Vam75057,1
gayndsoftomorrw,1
iJorge7,1
Pechex3,1
tswift99s,1
ubermick,1
ThatFlygonFreak,1
amendedfan,1
kingLosCali,1
dublinrox82,1
AuthenticSpark1,1
peristeraRa,1
Carterdothenry,1
MichaelBea4,1
Jayboy05Eddie,1
2oolyNews,1
zxlsoul777,1
SirySwan,1
IvyJessi,1
allanah_bevan,1
VeeAlmighty,1
SAIBETHMVIC,1
nayelindaa,1
LeilianyAraujo,1
InspireDarkSide,1
mightymouse68,1
SilvieChavez,1
sirtrollingtonn,1
serpent_Belial,1
CARB_Hn,1
PerseveroenR,1
UTTEDSEULGI,1
CubsFan0922,1
B3B3_19,1
Mia99794127,1
scooburtdoobert,1
xoxodeedee2,1
_itsliyahhhh,1
gabys_tc,1
OrbinWalcott,1
sashka_guzik,1
144santi144,1
_lisawm,1
MarcoLivelliDav,1
DianaBarrios05,1
zalaniya,1
annadarling79,1
MaxisemoGayugh,1
_WEM3W,1
TheBrotherRyan,1
fx7203,1
JustThatPanBoi,1
analyzingchick1,1
leah200195,1
KevinHomoki,1
HarmanPosting,1
Nicolas84614775,1
HanniaT52038849,1
Yopta_Lady,1
WeaponLX23,1
mschaudary,1
rene_torizm,1
Layshay13,1
Thejimmy20,1
CryeALil,1
butters_da,1
imcristovao,1
pI7lll,1
katstringz,1
Lisssolis1,1
Spalefoy,1
PhantomGhul,1
HowieBarks,1
Jadenrojohn,1
_dhamarcf,1
BingoVibe1,1
A_Spooky_Lad,1
SesshomarusB,1
Satanistacr,1
lrcyrn,1
__Jayrah,1
Shiinelikegloss,1
MlnRayene,1
Mikey2Knives,1
CaptainFlabJack,1
Venom_DD_Snake,1
offes_govna,1
Onder_Tamer23,1
digitizeddrug,1
LekLekKek1,1
Tamamo_Mayu,1
A1R_AS5E,1
kwonkimmi,1
Rottz112,1
pipedphoe,1
Moomin_Jake,1
MadieRoss9,1
Nayenne78,1
BurnThemAllBabe,1
huattwp,1
CgpDiego,1
RenanBerserker,1
Vlatko14152389,1
andi_pandi99,1
TimeywimeyAvery,1
breakfastpotato,1
ronbilee,1
DaviRes46131166,1
_Am_ne_sia_,1
Ariancaa,1
tcamp213,1
harunthesad,1
3LudoV,1
AntichJassy,1
Ozan72344723,1
Salejandroz,1
Mistrioofficia1,1
RsFrida,1
Bruno_Irving,1
Selenehatesu,1
F_qatarii,1
PocketRockrtBoy,1
victoriaherna7,1
docnabiswa,1
abrazamiser,1
dollasigndevy,1
BaozAngie,1
__melprado,1
Icedoutace,1
Alena525483,1
neneoomarmar,1
D25Eugenia,1
k_____min_,1
John_D_Lake,1
Arash_ja,1
vonvamalia,1
lourdessmariaa,1
mhafecasallas,1
Stranggirl1,1
sffoodchaser,1
foxdudinha,1
MinarchyI,1
valeria_astrit,1
Nico_Taylhardat,1
mcsmitton,1
beayansc,1
_najmag,1
shady_elkassas,1
rizviammar,1
1377063221Yu,1
y7ssi,1
mariaguieiras,1
jay_smb,1
tyblackxthorn,1
SemanticFanatic,1
freycarlson,1
JinnyBaza,1
PlantSoftie,1
bagarremoi,1
Abhishe10830229,1
Dinaisalways1,1
jorge10ram,1
abrilatadelyon,1
draininbuckets,1
TheLoliaba,1
starryxdjh,1
Infinite_Aero,1
arashztc,1
Carpi_Ulnaris,1
osocutie,1
silveredserpent,1
drivethrudyke,1
Kaylaviolet1,1
Aim_Suthiya,1
Marte_Ven1,1
lz_multibear_iz,1
Kiara30627749,1
pippiadeyemi,1
jminkookiie,1
NathanialLarkin,1
Johnwaka9,1
stephan37137430,1
lsha191,1
emekamba01,1
HOSE0KTEAR,1
PirateShink,1
harvey_soane,1
Silence_Enigma,1
mari_kiz_,1
AlatisheJoy,1
yoinked_em,1
javiiiiiid,1
JoePransky,1
khesylcolombia,1
Joyful_V1V1,1
bmutuse,1
Davos04,1
cinefile_kid,1
WMerky,1
arieslbs3,1
akozoelinn,1
n3rdArt,1
TheOrdinarySun,1
EmmaBon12,1
the_adventress,1
NemesisTimeline,1
9livesseries,1
kelus_,1
SSs71592996,1
Victori41448166,1
latrinidadpr,1
ormiris,1
itsilviiaa,1
_flobbie,1
solchiarias,1
olivialns,1
BangtansMolk,1
kungbaochiken,1
Saurabh43396603,1
MoreFart,1
Iziciil_meow,1
LawryKim,1
ISAmeLuis,1
beefbeefbeeef68,1
shannkitty,1
chli_i,1
CristhinaCacer4,1
Alexfemiwill,1
OneEyed1der,1
nuworldorder69,1
TatahpjlSantos,1
matthew_clarkke,1
diegonava97,1
4irforces1,1
SamIAllinghAM,1
Moonchild90210,1
AndrewScottIOS,1
ckcictctcy,1
cecvl,1
LazyEgg15,1
AbajeDin,1
Lohlah_Bo,1
Jasmin_Scientia,1
93_mikee,1
celiandrea7,1
Lil_Sharper,1
i_bts_jo,1
rhodeys_,1
RestWhenRIP2111,1
MoochTweets,1
Bearlissimo1,1
tieflung,1
JordanMillhouse,1
Juampibello1,1
JaymeeTorres,1
thebandanagee,1
AlexSMLoLo,1
Larealexcepcion,1
proff1648,1
RK57758422,1
TheDestiny_Mom,1
Sebxsdeth,1
foxycontin2,1
_BREADDyP,1
aveda_w,1
johson_jeff,1
believesaturn,1
denimturtleneck,1
ArqPaulux,1
escudoNica,1
regibaade,1
RecklessBebop,1
corinamandarin,1
KirstennQuinn,1
BagODoorknobs,1
LOPEZTITUS,1
elblogdeabel,1
valekztar,1
LaMOROC69882756,1
M80664354,1
always_usy,1
mupkid,1
Kevon_on_krack,1
pokeswsd,1
snickercat555,1
Mr_hemmati72,1
Quesadillasinq5,1
YunzhuoX,1
Dirna28,1
Elias23lopez,1
cube_rube,1
mario_sacristan,1
sailorpera,1
affhamcech,1
wai01,1
nisaabaharin,1
darkZimt,1
jerreb96,1
PauloZauloZaulo,1
romanfigure1,1
Trevor47607275,1
gurudas88258371,1
juuuudiiitt04,1
WildChe877,1
DarkAngel_0715,1
mjordancaceres,1
L_purple_bebe,1
zulfiqaradoffi1,1
kelkelMatoi,1
smokedakool_aid,1
minheemoys,1
LulaGranata,1
CHristalBallin,1
vnltZOt91zQKfrJ,1
MaisieLynn13,1
TWp190776,1
fridacorredorm,1
ratkinggray,1
goldencoin19,1
aaditya17109,1
grumpychuuya,1
MoseForPrez2020,1
clairdaylune,1
l_osemary,1
JorgeatNite,1
pctv2011,1
FunnyguyJah,1
ughvanillu,1
TennesseTsukino,1
OpheliasHonor,1
Emimarioni,1
lisCastle_,1
juan_sant89,1
OnlyOneCass_,1
RoseKVariety,1
dailyanjal,1
AngelaDmk,1
MetalRevive,1
atinykihyun,1
SavagePettyson,1
rileypredmore,1
latinxmochi,1
meer___kaffee,1
come4kk,1
singmet0sl33p,1
IHadWootCannow,1
Bear0fSquid,1
DMikeMauricio,1
CBvips,1
PelayoGarcalvar,1
sraj_akki,1
Paulo_and_y,1
pricedemption,1
bumblebee_bby,1
MerchWare,1
DesireMerlo8,1
Adam19784,1
ronitrna57,1
nathanplatt,1
sergio_oyosa,1
Cyndafire,1
LePingy,1
Marious_Kiriya,1
Marty___Huggins,1
interstellarzz,1
nuttingtutorial,1
K_artho1,1
loyzera,1
deelunastar,1
marypopjul,1
___lamorenita,1
IanDani78774046,1
Franky968,1
82Mohsen61,1
alivitx,1
mariace89429215,1
superofendidito,1
namujoonsbonsai,1
rickreynosa,1
NitinKRai,1
gusmaumzinho,1
truth_seeker247,1
aundreascottt,1
Sandy73222468,1
Reeedro,1
lau_grillo,1
TheJoelB3,1
zainabdali117,1
DarthPerditious,1
trabajoenmuseos,1
karenledezma232,1
VinIsDeadInside,1
NeJerris,1
Oceanki1128,1
Visagg3,1
trumpwnyltlbtch,1
grgnagvn,1
rebeccaZRZ,1
PottMrs,1
whosxmary_,1
Flaugirl5,1
kelly_kobain,1
freedomfairie,1
Elt16_s,1
Aleksan89259580,1
favian18910460,1
P4lG3B0I,1
so_me_one_so_me,1
Brandon82756990,1
kahdija_00,1
roasting_baba,1
guynullval,1
katy_lady,1
JeruneC,1
wonyoswife,1
Gambless5,1
nasanasais,1
pldwtabtrflyclr,1
wehidingbois,1
SilvanaSoria3,1
BTXTREIGN,1
SamuelSouled,1
danielrivera_16,1
StaRmaN_qo,1
NehaJha31,1
davelobatos,1
Autisticsloth1,1
iwuvsunwoo,1
LeoCardona_RHCP,1
itsnaomibitc,1
LucasAgustin_,1
valzinhart,1
menggay117,1
_MonW7,1
LadyKenway0,1
IamTruthLight,1
Schanzjustin,1
saeekholkute,1
CamilaJoy6,1
_Cecilia_lg,1
breakrow19,1
MetalAppleSauce,1
Didier0147,1
obad06,1
Kina_Matata,1
MdAbdur87160305,1
ChefEff,1
D_e_1_V_1_d,1
NotJansel,1
Dragonflymom81,1
JiminLizzie,1
kinedelarosa,1
jomarisramosd,1
correporfavorc1,1
22SeHo12,1
BlaqueYeehaw,1
Stwaap,1
komplenmuch,1
Rayden85708475,1
gatoconhipo,1
RoxanneNichol17,1
DraculaOK,1
AbonyIslam,1
Stanbino24,1
Thala_fan_KB,1
fredorento12,1
yerkes96,1
DavidMerodio96,1
ExtrtrrstriAlen,1
Aakashpro1,1
broomholdit,1
DoomGuy1406,1
KalamWaleBhaiya,1
funnyfajitas,1
michaelystam,1
elritmodimas,1
Maliahaela,1
ano_odango,1
Martin_Verum_IV,1
bartolitomas85,1
littleboiiz,1
artkacchan,1
tephramancy,1
AmandaPaulina13,1
jvrasfos,1
TheRealGSwazy,1
Darlene_Pixie,1
ladyblackmoon_,1
PittalaNitin1,1
phattypatata,1
TerrakionCotta,1
VoyageBella,1
lawyer_Will,1
patrick43486956,1
fatimahmed2001,1
sweetxmess_,1
pias_magicshop,1
Morie_Huyori,1
CGOnuks,1
jhovanyisdumb,1
Itbeats4youu,1
DeiseBrito13,1
kodiswaraselvan,1
francherquico,1
GM_Mustafaa,1
wllscopy,1
Santiagokonsta1,1
doctatidav,1
meudiariosad,1
Shatagni,1
shanker1327,1
calibobcat,1
shayra191,1
Ashish_T_bhatt,1
JessicaKumalas1,1
Stonyshipper3,1
drmohitks,1
SophiaChristKai,1
Nct127Uwayv,1
myPRICKlyMUFFin,1
GardenMatcha,1
rosamejia1231,1
ChrissyA_92,1
teotleek,1
harleekim22,1
onionesk,1
WorryEduardo16,1
fretreut,1
GenesisBelenT,1
argemij,1
naty21v,1
avrylemalik93,1
suziemalfoy,1
CrevasseIceWing,1
alexandraanna93,1
Koloriz1,1
AlbertigazZz,1
Triskell_SEO,1
gayelliess,1
morenongpromdi,1
EmperorJayveee,1
dukat291,1
blackfarmagent,1
lossing_mind,1
MareSulas,1
Sipheera,1
keyan_rohith,1
_Peter_O,1
SoyGatoCosmico,1
HCecily,1
FabienSchmidts,1
penedooo,1
tresureseokjin,1
ThrillWatches,1
michaelalvis14,1
minacomplikda,1
azxc1996,1
luxurylua,1
beverleehillzm1,1
YatinMarken97,1
Tiago_lordeiro,1
LionessGiani,1
TideAsperger,1
jcon95b,1
jaesicecream,1
EttiennaB,1
gynnger2411,1
noh1lives,1
NoOne55995413,1
memedude6,1
WipyTV,1
blue4moonlight,1
cjDiana012,1
zience77,1
mberenice894,1
TanyaT2019,1
ferucr8996,1
Atrinatine,1
Pascalia1904,1
hirofan17,1
PIBBISBEST,1
soIarvvitch,1
Impotpot1989,1
lrjk1985,1
DiegoOrizano,1
sansdimple2,1
JotaroKujoJoes2,1
odethbv,1
Rahi2Cents,1
b_chaloemchai,1
FragileBerg,1
Harrison2Rock,1
OptimaleMeinung,1
Brickedby,1
uhhh_chance,1
FrankoLuvs,1
missspurpIe,1
filter_less1,1
yeonscvlt,1
FernandaFelix5,1
parkerbtsOne,1
Ricochetpuno,1
AviPanhalkar2,1
Rakib58337872,1
TANO4TANO,1
Shoaibisa,1
YaralizDippini,1
musicisblood89,1
CoffeeOverd0se,1
IcyTheArchmage,1
_gyuism,1
shawty_ka,1
mac_teeny,1
OUndertow,1
C_NiaveS,1
modernf99,1
agenda20182,1
virginiagajardo,1
rohit_hittu,1
normanjean_,1
lemon0000,1
Silvana55862621,1
PurpleTachikoo,1
AnniTheBananni,1
TaeTae_ARMY14,1
LeeElvis1982lee,1
Seormarron1,1
Eunhakaa,1
outrodanger,1
uchiha_richter,1
1foodmarketer,1
deityabi,1
BettyDiaqui,1
itaintsheev,1
TheRealShihTzu,1
Stefannync,1
mynameischarle5,1
bookworm_lad,1
CTRLZedOfficial,1
speakzeitgeist,1
anasev4,1
Ssasi_2000,1
JudgeChaos,1
deychan19,1
Akshay_Brigade,1
GangWhirl,1
buithuytien186,1
Jackviper8,1
MissMoonieka,1
lilytree5,1
SRaisay,1
natashax____,1
jtnxjk,1
betternotoknw,1
lizz_nb,1
IsLove20887112,1
GalaxyRoseOffi,1
Wu_Han_Solo,1
patrickpanda01,1
JoshSmith_82,1
RusselTarqi,1
apoorvtyagii,1
servicency,1
shaan8004,1
Queency14565428,1
brookesmartw,1
jpss_269,1
ElevateYaMind11,1
shadowingsoul,1
dani_tha_girl,1
Dr_GeoFry,1
PachuliDr,1
ErikaGill67,1
mac_rura,1
_sleeplesseyes,1
liestreests,1
Chiu39303469,1
melusina022,1
ImGirling,1
mharzdegarr,1
ChrishiaMarinda,1
semnomecx,1
BoogieChris,1
KuroiTenshi_Art,1
iamnosleep,1
Anaszafar_1,1
hardinmonpinco,1
augadotempo,1
FitDaddy247,1
aestherleil,1
patrese_dy,1
therealolidmiah,1
obviouslyloueeh,1
AliciaBuu,1
Alienmeatfajita,1
teenytinysnexo,1
mastermindjimin,1
cafklinteberg,1
davinciAJ,1
WINONA23016652,1
CoffeeSpIash,1
AshlyShawol,1
vlwnataliNa,1
youngkone28,1
IsaacVr7,1
jholas29,1
m_ace02,1
JamdarTanmay,1
HR_Gunslingers,1
cely_lopez13,1
vijay5uman,1
Bi_Saranjam,1
lladnek710,1
ilashhhh,1
embriium,1
cattysD,1
movie_peep,1
jhonleyton2,1
KhristJaira,1
sheilacespina2,1
efsc21,1
hmcyrene,1
HowwThree,1
abiderivero56,1
suichwan,1
solar_phantoms,1
smyntha,1
porcelainsunday,1
TeddyBravo999,1
mnque_,1
klatholic666,1
ReverendClown,1
San_Nee12,1
sifajar_,1
Kael_319,1
ondakrosmos,1
Dustellar,1
Retromastery,1
JonasGrye,1
angberns,1
shanker_akash,1
Herutriant,1
Jiminie07740690,1
krukhudile,1
lokicarus,1
_yangskie88,1
Beatlemaniac201,1
ShitTheySay6,1
Oliveira1983_,1
500Mpo,1
TrRNKV,1
ManuelDiazSot0,1
justinoseguera,1
PFishMo1,1
wwwblinkismyGF,1
PsSaran4,1
luciawill9,1
bitchpls24511,1
seukizeuchan,1
roboxking1,1
wildly_mild,1
SergioT44065705,1
jakehoge12,1
EnigmaEngineer,1
itsnotok14,1
dark_w0w,1
giuumel,1
mjjtentation,1
shafiraamalew,1
hansolut,1
Krutoi68,1
kimhaan17,1
Mati77777777,1
Johnl7688,1
Chubs084,1
iPeppemoti,1
TheSweetBrave,1
Progressiveinv2,1
GJSRodrigo,1
ayahaeda,1
ROWDYSABIAN,1
akise_why,1
Sammiville,1
Moham822,1
IslandofJ,1
AspirosSuzette,1
jessicamayeh8u,1
iafnm,1
Doohee9506,1
feralcatcolony,1
Ellemelys,1
kategxo,1
bellasdevil,1
juliashleyy_,1
emmaprnlt,1
jiminddalgi,1
pissedonjeans,1
carlapadillabts,1
paul_pbwdawgfan,1
Yulicerpaa,1
AmyMontiel20,1
BillieBear3,1
Pitze8,1
3m2d_,1
cumansito,1
evilsouat,1
The_Bookie_Bee,1
ahmdfdaus,1
agalfromearth,1
GeraldEsquire,1
aleydoo,1
MrChimochii,1
AlonsMister,1
giveittomess,1
nadita_mahabir,1
locatis_lup1n,1
CarleenWho,1
taka_lolz,1
tricktherat,1
Bancho29,1
pocarolina,1
Yanina94455343,1
AningDennis,1
Amanda56020623,1
elfioOAndalo,1
jokingdepp,1
JeanSilasdeJes3,1
http_maryy,1
arima_iner,1
JcaPedro,1
Emilys_Graces,1
RichNVegas4,1
thehunterspn666,1
AmmaNanna_AA,1
HoneyOhannaTene,1
bluebir58074681,1
WhipsFor,1
ExpertWriter8,1
darktypedabi,1
Milkyway20203,1
jonginsmooth,1
DakilangMaknae,1
isa_romano1,1
ssharpie61,1
haydan993,1
LePingouinSaley,1
Verositos1,1
Monda15120749,1
Jaq_O_Lantern,1
LiveForShitpost,1
Pobre_sadd,1
Manum_Satanae,1
frank_kass_esq,1
Vsharma02747131,1
DizickSarah,1
KryptoKommie,1
Mrsxxxi,1
Kinky_jake,1
ISAIDSOPE,1
darkparrudo,1
mulletwing,1
Legofootmassage,1
rf_1869,1
_BeCherryLips,1
Kamar40095792,1
natural_cassia,1
ThePadawan2001,1
NicolsReyPerez1,1
ashtonftpaynex,1
thepayph0ne,1
Brittanybunny3,1
LivieFixer,1
BasicSales101,1
elgallozombi,1
mirimacedo,1
yujeehijklmnop,1
kiritotwts,1
BrwnEyedGurl22,1
Dirtytuber,1
ech0whiskey,1
thirsty_koala,1
maenghost,1
Dan_Sajo,1
ricosantillan,1
fjriwlpq,1
miccheck1221,1
micron_bel,1
Ju5tLeft_,1
Chloe_E_Harris,1
Heisenb23440596,1
Toms_Yorkshire,1
eyeofthekygre,1
tinnasprrw,1
Amyssyko,1
wqufc,1
telmidotcom,1
kytjx,1
arising_flames,1
javieracatam,1
JefersonAvila20,1
rene_edmonson,1
azfarazaha,1
HelmutDrflinge1,1
womenabusetoo,1
TheOnlyR_paez,1
joh_wayne7,1
Axdar83,1
_imaizeeey_,1
solgrisgris,1
xer4the,1
USAGlM00N,1
MrVictouille,1
salim26236501,1
shrewdmagnolia,1
Thekiddenzo,1
JLohengramm,1
trashbox1988,1
njhonea1981,1
dreams_bughead,1
MythicXion,1
smkeandmrrors,1
2kjim,1
MartaVogue,1
mhrhmaz,1
doseofhenen,1
Antonio58123,1
iamaimaimaimai,1
Aquavalntine,1
Nene_yibo,1
CherylT87952570,1
BetchVale,1
craftylamnidae,1
yh9944,1
rinconotakuuu,1
Difusorarechazo,1
a_frank8,1
SHlNSENGUMIN,1
Blurbabyblue,1
hlogan774,1
SoufiIsmail,1
TheHind25151238,1
MelanieClaire88,1
Jerri_Lynn25,1
stephy_wr,1
icednakape,1
mochi_gato,1
C_Dougie,1
RhobsonEsteves,1
pik4cil,1
sooapua,1
SpeakUrMind20,1
Skilledwarman,1
DerPolarbaer_,1
Danisaplante,1
mjjyjjs,1
ganelle_,1
Sebastianmezab,1
Easygoing_B,1
rkgunner,1
FYPagan,1
Nicolesolei,1
cars_ssp,1
Mayra83988539,1
ElXavierxd,1
FatMan82935889,1
fake_gzb,1
andreag3011,1
Dieg0_Ger4rd0,1
_curtis23,1
StormAzza,1
AtikurR10266975,1
talvimeri,1
jiuslave,1
DawnSc73,1
DmnPix22,1
MrBlue_Soul,1
blowinthewindz,1
CanalParcSat,1
TheRealBCereus,1
LittleFlowerMud,1
I_M_Luigi,1
filteredmonnie,1
everwore,1
David66091370,1
zadinely,1
AzzahraLatif00,1
vampirebimbo,1
Claddagh_J,1
JulianJ30229843,1
WoodstockQuotes,1
